number	type	direction	days	stop|Høje Taastrup|0.0|0	stop|Taastrup|1.5|0	stop|Albertslund|5.4|0	stop|Glostrup|8.3|0	stop|Brøndbyøster|11.0|0	stop|Rødovre|12.1|0	stop|Hvidovre|13.2|0	stop|Danshøj|14.2|0	stop|Valby|15.6|0	stop|Carlsberg|17.0|0	stop|Dybbølsbro|18.6|0	stop|København H|19.5|0	stop|Vesterport|20.0|0	stop|Nørreport|21.0|0	stop|Østerport|22.6|0	stop|Nordhavn|24.0|0	stop|Svanemøllen|25.3|0	stop|Ryparken|31.5|0	stop|Emdrup|34.3|0	stop|Dyssegård|35.7|0	stop|Vangede|36.6|0	stop|Kildebakke|37.8|0	stop|Buddinge|38.9|0	stop|Stengården|40.7|0	stop|Bagsværd|41.9|0	stop|Skovbrynet|43.3|0	stop|Hareskov|45.3|0	stop|Værløse|48.3|0	stop|Farum|52.4|0
117027126	B	S	FS	24:27	24:24	24:21	24:18	24:15	24:13	24:11	24:10	24:08	24:05	24:03	24:01	23:58	23:56	23:54	23:51	23:49	23:47	23:44	23:42	23:40	23:38	23:37	23:35	23:33	23:31	23:28	23:25	23:21
117027125	B	S	FS	24:47	24:44	24:41	24:38	24:35	24:33	24:31	24:30	24:28	24:25	24:23	24:21	24:18	24:16	24:14	24:11	24:09	24:07	24:04	24:02	24:00	23:58	23:57	23:55	23:53	23:51	23:48	23:45	23:41
117027124	B	S	FS	25:07	25:04	25:01	24:58	24:55	24:53	24:51	24:50	24:48	24:45	24:43	24:41	24:38	24:36	24:34	24:31	24:29	24:27	24:24	24:22	24:20	24:18	24:17	24:15	24:13	24:11	24:08	24:05	24:01
117027123	B	S	FS	25:27	25:24	25:21	25:18	25:15	25:13	25:11	25:10	25:08	25:05	25:03	25:01	24:58	24:56	24:54	24:51	24:49	24:47	24:44	24:42	24:40	24:38	24:37	24:35	24:33	24:31	24:28	24:25	24:21
117027122	B	S	FS	25:47	25:44	25:41	25:38	25:35	25:33	25:31	25:30	25:28	25:25	25:23	25:21	25:18	25:16	25:14	25:11	25:09	25:07	25:04	25:02	25:00	24:58	24:57	24:55	24:53	24:51	24:48	24:45	24:41
117027121	B	S	FS	26:47	26:44	26:41	26:38	26:35	26:33	26:31	26:30	26:28	26:25	26:23	26:21	26:18	26:16	26:14	26:11	26:09	26:07	26:04	26:02	26:00	25:58	25:57	25:55	25:53	25:51	25:48	25:45	25:41
117027120	B	S	SU	03:47	03:44	03:41	03:38	03:35	03:33	03:31	03:30	03:28	03:25	03:23	03:21	03:18	03:16	03:14	03:11	03:09	03:07	03:04	03:02	03:00	02:58	02:57	02:55	02:53	02:51	02:48	02:45	02:41
117027119	B	S	SU	04:47	04:44	04:41	04:38	04:35	04:33	04:31	04:30	04:28	04:25	04:23	04:21	04:18	04:16	04:14	04:11	04:09	04:07	04:04	04:02	04:00	03:58	03:57	03:55	03:53	03:51	03:48	03:45	03:41
117026947	B	S	MTWRF	05:27	05:24	05:21	05:18	05:15	05:13	05:11	05:10	05:08	05:05	05:03	05:01	-	-	-	-	-	-	-	-	-	-	-	-	-	-	-	-	-
117027118	B	S	SU	05:47	05:44	05:41	05:38	05:35	05:33	05:31	05:30	05:28	05:25	05:23	05:21	05:18	05:16	05:14	05:11	05:09	05:07	05:04	05:02	05:00	04:58	04:57	04:55	04:53	04:51	04:48	04:45	04:41
117026946	B	S	MTWRF	05:47	05:44	05:41	05:38	05:35	05:33	05:31	05:30	05:28	05:25	05:23	05:21	-	-	-	-	-	-	-	-	-	-	-	-	-	-	-	-	-
117027117	B	S	MTWRF	06:07	06:04	06:01	05:58	05:55	05:53	05:51	05:50	05:48	05:45	05:43	05:41	05:38	05:36	05:34	05:31	05:29	05:27	05:24	05:22	05:20	05:18	05:17	05:15	05:13	05:11	05:08	05:05	05:01
117027116	B	S	MTWRF	06:27	06:24	06:21	06:18	06:15	06:13	06:11	06:10	06:08	06:05	06:03	06:01	05:58	05:56	05:54	05:51	05:49	05:47	05:44	05:42	05:40	05:38	05:37	05:35	05:33	05:31	05:28	05:25	05:21
117027115	B	S	MTWRFSU	06:47	06:44	06:41	06:38	06:35	06:33	06:31	06:30	06:28	06:25	06:23	06:21	06:18	06:16	06:14	06:11	06:09	06:07	06:04	06:02	06:00	05:58	05:57	05:55	05:53	05:51	05:48	05:45	05:41
117027114	B	S	MTWRF	07:07	07:04	07:01	06:58	06:55	06:53	06:51	06:50	06:48	06:45	06:43	06:41	06:38	06:36	06:34	06:31	06:29	06:27	06:24	06:22	06:20	06:18	06:17	06:15	06:13	06:11	06:08	06:05	06:01
117027113	B	S	MTWRF	07:27	07:24	07:21	07:18	07:15	07:13	07:11	07:10	07:08	07:05	07:03	07:01	06:58	06:56	06:54	06:51	06:49	06:47	06:44	06:42	06:40	06:38	06:37	06:35	06:33	06:31	06:28	06:25	06:21
117027112	B	S	MTWRFSU	07:47	07:44	07:41	07:38	07:35	07:33	07:31	07:30	07:28	07:25	07:23	07:21	07:18	07:16	07:14	07:11	07:09	07:07	07:04	07:02	07:00	06:58	06:57	06:55	06:53	06:51	06:48	06:45	06:41
117027111	B	S	MTWRFSU	08:07	08:04	08:01	07:58	07:55	07:53	07:51	07:50	07:48	07:45	07:43	07:41	07:38	07:36	07:34	07:31	07:29	07:27	07:24	07:22	07:20	07:18	07:17	07:15	07:13	07:11	07:08	07:05	07:01
117027110	B	S	MTWRFSU	08:27	08:24	08:21	08:18	08:15	08:13	08:11	08:10	08:08	08:05	08:03	08:01	07:58	07:56	07:54	07:51	07:49	07:47	07:44	07:42	07:40	07:38	07:37	07:35	07:33	07:31	07:28	07:25	07:21
117027109	B	S	MTWRFSU	08:47	08:44	08:41	08:38	08:35	08:33	08:31	08:30	08:28	08:25	08:23	08:21	08:18	08:16	08:14	08:11	08:09	08:07	08:04	08:02	08:00	07:58	07:57	07:55	07:53	07:51	07:48	07:45	07:41
117027108	B	S	MTWRFSU	09:07	09:04	09:01	08:58	08:55	08:53	08:51	08:50	08:48	08:45	08:43	08:41	08:38	08:36	08:34	08:31	08:29	08:27	08:24	08:22	08:20	08:18	08:17	08:15	08:13	08:11	08:08	08:05	08:01
117027107	B	S	MTWRFSU	09:27	09:24	09:21	09:18	09:15	09:13	09:11	09:10	09:08	09:05	09:03	09:01	08:58	08:56	08:54	08:51	08:49	08:47	08:44	08:42	08:40	08:38	08:37	08:35	08:33	08:31	08:28	08:25	08:21
117027106	B	S	MTWRFSU	09:47	09:44	09:41	09:38	09:35	09:33	09:31	09:30	09:28	09:25	09:23	09:21	09:18	09:16	09:14	09:11	09:09	09:07	09:04	09:02	09:00	08:58	08:57	08:55	08:53	08:51	08:48	08:45	08:41
117027105	B	S	MTWRFSU	10:07	10:04	10:01	09:58	09:55	09:53	09:51	09:50	09:48	09:45	09:43	09:41	09:38	09:36	09:34	09:31	09:29	09:27	09:24	09:22	09:20	09:18	09:17	09:15	09:13	09:11	09:08	09:05	09:01
117027104	B	S	MTWRFSU	10:27	10:24	10:21	10:18	10:15	10:13	10:11	10:10	10:08	10:05	10:03	10:01	09:58	09:56	09:54	09:51	09:49	09:47	09:44	09:42	09:40	09:38	09:37	09:35	09:33	09:31	09:28	09:25	09:21
117027103	B	S	MTWRFSU	10:47	10:44	10:41	10:38	10:35	10:33	10:31	10:30	10:28	10:25	10:23	10:21	10:18	10:16	10:14	10:11	10:09	10:07	10:04	10:02	10:00	09:58	09:57	09:55	09:53	09:51	09:48	09:45	09:41
117027102	B	S	MTWRFSU	11:07	11:04	11:01	10:58	10:55	10:53	10:51	10:50	10:48	10:45	10:43	10:41	10:38	10:36	10:34	10:31	10:29	10:27	10:24	10:22	10:20	10:18	10:17	10:15	10:13	10:11	10:08	10:05	10:01
117027101	B	S	MTWRFSU	11:27	11:24	11:21	11:18	11:15	11:13	11:11	11:10	11:08	11:05	11:03	11:01	10:58	10:56	10:54	10:51	10:49	10:47	10:44	10:42	10:40	10:38	10:37	10:35	10:33	10:31	10:28	10:25	10:21
117027100	B	S	MTWRFSU	11:47	11:44	11:41	11:38	11:35	11:33	11:31	11:30	11:28	11:25	11:23	11:21	11:18	11:16	11:14	11:11	11:09	11:07	11:04	11:02	11:00	10:58	10:57	10:55	10:53	10:51	10:48	10:45	10:41
117027099	B	S	MTWRFSU	12:07	12:04	12:01	11:58	11:55	11:53	11:51	11:50	11:48	11:45	11:43	11:41	11:38	11:36	11:34	11:31	11:29	11:27	11:24	11:22	11:20	11:18	11:17	11:15	11:13	11:11	11:08	11:05	11:01
117027098	B	S	MTWRFSU	12:27	12:24	12:21	12:18	12:15	12:13	12:11	12:10	12:08	12:05	12:03	12:01	11:58	11:56	11:54	11:51	11:49	11:47	11:44	11:42	11:40	11:38	11:37	11:35	11:33	11:31	11:28	11:25	11:21
117027097	B	S	MTWRFSU	12:47	12:44	12:41	12:38	12:35	12:33	12:31	12:30	12:28	12:25	12:23	12:21	12:18	12:16	12:14	12:11	12:09	12:07	12:04	12:02	12:00	11:58	11:57	11:55	11:53	11:51	11:48	11:45	11:41
117027096	B	S	MTWRFSU	13:07	13:04	13:01	12:58	12:55	12:53	12:51	12:50	12:48	12:45	12:43	12:41	12:38	12:36	12:34	12:31	12:29	12:27	12:24	12:22	12:20	12:18	12:17	12:15	12:13	12:11	12:08	12:05	12:01
117027095	B	S	MTWRFSU	13:27	13:24	13:21	13:18	13:15	13:13	13:11	13:10	13:08	13:05	13:03	13:01	12:58	12:56	12:54	12:51	12:49	12:47	12:44	12:42	12:40	12:38	12:37	12:35	12:33	12:31	12:28	12:25	12:21
117027094	B	S	MTWRFSU	13:47	13:44	13:41	13:38	13:35	13:33	13:31	13:30	13:28	13:25	13:23	13:21	13:18	13:16	13:14	13:11	13:09	13:07	13:04	13:02	13:00	12:58	12:57	12:55	12:53	12:51	12:48	12:45	12:41
117027093	B	S	MTWRFSU	14:07	14:04	14:01	13:58	13:55	13:53	13:51	13:50	13:48	13:45	13:43	13:41	13:38	13:36	13:34	13:31	13:29	13:27	13:24	13:22	13:20	13:18	13:17	13:15	13:13	13:11	13:08	13:05	13:01
117027092	B	S	MTWRFSU	14:27	14:24	14:21	14:18	14:15	14:13	14:11	14:10	14:08	14:05	14:03	14:01	13:58	13:56	13:54	13:51	13:49	13:47	13:44	13:42	13:40	13:38	13:37	13:35	13:33	13:31	13:28	13:25	13:21
117027091	B	S	MTWRFSU	14:47	14:44	14:41	14:38	14:35	14:33	14:31	14:30	14:28	14:25	14:23	14:21	14:18	14:16	14:14	14:11	14:09	14:07	14:04	14:02	14:00	13:58	13:57	13:55	13:53	13:51	13:48	13:45	13:41
117027090	B	S	MTWRFSU	15:07	15:04	15:01	14:58	14:55	14:53	14:51	14:50	14:48	14:45	14:43	14:41	14:38	14:36	14:34	14:31	14:29	14:27	14:24	14:22	14:20	14:18	14:17	14:15	14:13	14:11	14:08	14:05	14:01
117027089	B	S	MTWRFSU	15:27	15:24	15:21	15:18	15:15	15:13	15:11	15:10	15:08	15:05	15:03	15:01	14:58	14:56	14:54	14:51	14:49	14:47	14:44	14:42	14:40	14:38	14:37	14:35	14:33	14:31	14:28	14:25	14:21
117027088	B	S	MTWRFSU	15:47	15:44	15:41	15:38	15:35	15:33	15:31	15:30	15:28	15:25	15:23	15:21	15:18	15:16	15:14	15:11	15:09	15:07	15:04	15:02	15:00	14:58	14:57	14:55	14:53	14:51	14:48	14:45	14:41
117027087	B	S	MTWRFSU	16:07	16:04	16:01	15:58	15:55	15:53	15:51	15:50	15:48	15:45	15:43	15:41	15:38	15:36	15:34	15:31	15:29	15:27	15:24	15:22	15:20	15:18	15:17	15:15	15:13	15:11	15:08	15:05	15:01
117027086	B	S	MTWRFSU	16:27	16:24	16:21	16:18	16:15	16:13	16:11	16:10	16:08	16:05	16:03	16:01	15:58	15:56	15:54	15:51	15:49	15:47	15:44	15:42	15:40	15:38	15:37	15:35	15:33	15:31	15:28	15:25	15:21
117027085	B	S	MTWRFSU	16:47	16:44	16:41	16:38	16:35	16:33	16:31	16:30	16:28	16:25	16:23	16:21	16:18	16:16	16:14	16:11	16:09	16:07	16:04	16:02	16:00	15:58	15:57	15:55	15:53	15:51	15:48	15:45	15:41
117027084	B	S	MTWRFSU	17:07	17:04	17:01	16:58	16:55	16:53	16:51	16:50	16:48	16:45	16:43	16:41	16:38	16:36	16:34	16:31	16:29	16:27	16:24	16:22	16:20	16:18	16:17	16:15	16:13	16:11	16:08	16:05	16:01
117027083	B	S	MTWRFSU	17:27	17:24	17:21	17:18	17:15	17:13	17:11	17:10	17:08	17:05	17:03	17:01	16:58	16:56	16:54	16:51	16:49	16:47	16:44	16:42	16:40	16:38	16:37	16:35	16:33	16:31	16:28	16:25	16:21
117027082	B	S	MTWRFSU	17:47	17:44	17:41	17:38	17:35	17:33	17:31	17:30	17:28	17:25	17:23	17:21	17:18	17:16	17:14	17:11	17:09	17:07	17:04	17:02	17:00	16:58	16:57	16:55	16:53	16:51	16:48	16:45	16:41
117027081	B	S	MTWRFSU	18:07	18:04	18:01	17:58	17:55	17:53	17:51	17:50	17:48	17:45	17:43	17:41	17:38	17:36	17:34	17:31	17:29	17:27	17:24	17:22	17:20	17:18	17:17	17:15	17:13	17:11	17:08	17:05	17:01
117027080	B	S	MTWRFSU	18:27	18:24	18:21	18:18	18:15	18:13	18:11	18:10	18:08	18:05	18:03	18:01	17:58	17:56	17:54	17:51	17:49	17:47	17:44	17:42	17:40	17:38	17:37	17:35	17:33	17:31	17:28	17:25	17:21
117027079	B	S	MTWRFSU	18:47	18:44	18:41	18:38	18:35	18:33	18:31	18:30	18:28	18:25	18:23	18:21	18:18	18:16	18:14	18:11	18:09	18:07	18:04	18:02	18:00	17:58	17:57	17:55	17:53	17:51	17:48	17:45	17:41
117027078	B	S	MTWRFSU	19:07	19:04	19:01	18:58	18:55	18:53	18:51	18:50	18:48	18:45	18:43	18:41	18:38	18:36	18:34	18:31	18:29	18:27	18:24	18:22	18:20	18:18	18:17	18:15	18:13	18:11	18:08	18:05	18:01
117027077	B	S	MTWRFSU	19:27	19:24	19:21	19:18	19:15	19:13	19:11	19:10	19:08	19:05	19:03	19:01	18:58	18:56	18:54	18:51	18:49	18:47	18:44	18:42	18:40	18:38	18:37	18:35	18:33	18:31	18:28	18:25	18:21
117027076	B	S	MTWRFSU	19:47	19:44	19:41	19:38	19:35	19:33	19:31	19:30	19:28	19:25	19:23	19:21	19:18	19:16	19:14	19:11	19:09	19:07	19:04	19:02	19:00	18:58	18:57	18:55	18:53	18:51	18:48	18:45	18:41
117027075	B	S	MTWRFSU	20:07	20:04	20:01	19:58	19:55	19:53	19:51	19:50	19:48	19:45	19:43	19:41	19:38	19:36	19:34	19:31	19:29	19:27	19:24	19:22	19:20	19:18	19:17	19:15	19:13	19:11	19:08	19:05	19:01
117027074	B	S	MTWRFSU	20:27	20:24	20:21	20:18	20:15	20:13	20:11	20:10	20:08	20:05	20:03	20:01	19:58	19:56	19:54	19:51	19:49	19:47	19:44	19:42	19:40	19:38	19:37	19:35	19:33	19:31	19:28	19:25	19:21
117027073	B	S	FS	20:47	20:44	20:41	20:38	20:35	20:33	20:31	20:30	20:28	20:25	20:23	20:21	20:18	20:16	20:14	20:11	20:09	20:07	20:04	20:02	20:00	19:58	19:57	19:55	19:53	19:51	19:48	19:45	19:41
117027072	B	S	FS	21:07	21:04	21:01	20:58	20:55	20:53	20:51	20:50	20:48	20:45	20:43	20:41	20:38	20:36	20:34	20:31	20:29	20:27	20:24	20:22	20:20	20:18	20:17	20:15	20:13	20:11	20:08	20:05	20:01
117027071	B	S	FS	21:27	21:24	21:21	21:18	21:15	21:13	21:11	21:10	21:08	21:05	21:03	21:01	20:58	20:56	20:54	20:51	20:49	20:47	20:44	20:42	20:40	20:38	20:37	20:35	20:33	20:31	20:28	20:25	20:21
117027070	B	S	FS	21:47	21:44	21:41	21:38	21:35	21:33	21:31	21:30	21:28	21:25	21:23	21:21	21:18	21:16	21:14	21:11	21:09	21:07	21:04	21:02	21:00	20:58	20:57	20:55	20:53	20:51	20:48	20:45	20:41
117027069	B	S	FS	22:07	22:04	22:01	21:58	21:55	21:53	21:51	21:50	21:48	21:45	21:43	21:41	21:38	21:36	21:34	21:31	21:29	21:27	21:24	21:22	21:20	21:18	21:17	21:15	21:13	21:11	21:08	21:05	21:01
117027068	B	S	FS	22:27	22:24	22:21	22:18	22:15	22:13	22:11	22:10	22:08	22:05	22:03	22:01	21:58	21:56	21:54	21:51	21:49	21:47	21:44	21:42	21:40	21:38	21:37	21:35	21:33	21:31	21:28	21:25	21:21
117027067	B	S	FS	22:47	22:44	22:41	22:38	22:35	22:33	22:31	22:30	22:28	22:25	22:23	22:21	22:18	22:16	22:14	22:11	22:09	22:07	22:04	22:02	22:00	21:58	21:57	21:55	21:53	21:51	21:48	21:45	21:41
117027066	B	S	FS	23:07	23:04	23:01	22:58	22:55	22:53	22:51	22:50	22:48	22:45	22:43	22:41	22:38	22:36	22:34	22:31	22:29	22:27	22:24	22:22	22:20	22:18	22:17	22:15	22:13	22:11	22:08	22:05	22:01
117027065	B	S	FS	23:27	23:24	23:21	23:18	23:15	23:13	23:11	23:10	23:08	23:05	23:03	23:01	22:58	22:56	22:54	22:51	22:49	22:47	22:44	22:42	22:40	22:38	22:37	22:35	22:33	22:31	22:28	22:25	22:21
117027064	B	S	FS	23:47	23:44	23:41	23:38	23:35	23:33	23:31	23:30	23:28	23:25	23:23	23:21	23:18	23:16	23:14	23:11	23:09	23:07	23:04	23:02	23:00	22:58	22:57	22:55	22:53	22:51	22:48	22:45	22:41
117027063	B	S	FS	24:07	24:04	24:01	23:58	23:55	23:53	23:51	23:50	23:48	23:45	23:43	23:41	23:38	23:36	23:34	23:31	23:29	23:27	23:24	23:22	23:20	23:18	23:17	23:15	23:13	23:11	23:08	23:05	23:01
117026943	B	S	MT	-	-	-	-	-	-	-	-	-	-	-	24:41	24:38	24:36	24:34	24:31	24:29	24:27	24:24	24:22	24:20	24:18	24:17	24:15	24:13	24:11	24:08	24:05	24:01
117026941	B	S	MT	-	-	-	-	-	-	-	-	-	-	-	25:01	24:58	24:56	24:54	24:51	24:49	24:47	24:44	24:42	24:40	24:38	24:37	24:35	24:33	24:31	24:28	24:25	24:21
117027062	B	S	FS	26:17	26:14	26:11	26:08	26:05	26:03	26:01	26:00	25:58	25:55	25:53	25:51	25:48	25:46	25:44	25:41	25:39	25:37	25:34	25:32	25:30	25:28	25:27	25:25	25:23	25:21	25:18	25:15	25:11
117027061	B	S	SU	03:17	03:14	03:11	03:08	03:05	03:03	03:01	03:00	02:58	02:55	02:53	02:51	02:48	02:46	02:44	02:41	02:39	02:37	02:34	02:32	02:30	02:28	02:27	02:25	02:23	02:21	02:18	02:15	02:11
117027060	B	S	SU	04:17	04:14	04:11	04:08	04:05	04:03	04:01	04:00	03:58	03:55	03:53	03:51	03:48	03:46	03:44	03:41	03:39	03:37	03:34	03:32	03:30	03:28	03:27	03:25	03:23	03:21	03:18	03:15	03:11
117027059	B	S	SU	05:17	05:14	05:11	05:08	05:05	05:03	05:01	05:00	04:58	04:55	04:53	04:51	04:48	04:46	04:44	04:41	04:39	04:37	04:34	04:32	04:30	04:28	04:27	04:25	04:23	04:21	04:18	04:15	04:11
117027058	B	S	SU	06:17	06:14	06:11	06:08	06:05	06:03	06:01	06:00	05:58	05:55	05:53	05:51	05:48	05:46	05:44	05:41	05:39	05:37	05:34	05:32	05:30	05:28	05:27	05:25	05:23	05:21	05:18	05:15	05:11
117026945	B	S	MTWRF	06:37	06:34	06:31	06:28	06:25	06:23	06:21	06:20	06:18	06:15	06:13	06:11	-	-	-	-	-	-	-	-	-	-	-	-	-	-	-	-	-
117027057	B	S	MTWRF	06:57	06:54	06:51	06:48	06:45	06:43	06:41	06:40	06:38	06:35	06:33	06:31	06:28	06:26	06:24	06:21	06:19	06:17	06:14	06:12	06:10	06:08	06:07	06:05	06:03	06:01	05:58	05:55	05:51
117027056	B	S	MTWRFSU	07:17	07:14	07:11	07:08	07:05	07:03	07:01	07:00	06:58	06:55	06:53	06:51	06:48	06:46	06:44	06:41	06:39	06:37	06:34	06:32	06:30	06:28	06:27	06:25	06:23	06:21	06:18	06:15	06:11
117027055	B	S	MTWRF	07:37	07:34	07:31	07:28	07:25	07:23	07:21	07:20	07:18	07:15	07:13	07:11	07:08	07:06	07:04	07:01	06:59	06:57	06:54	06:52	06:50	06:48	06:47	06:45	06:43	06:41	06:38	06:35	06:31
117027054	B	S	MTWRF	07:57	07:54	07:51	07:48	07:45	07:43	07:41	07:40	07:38	07:35	07:33	07:31	07:28	07:26	07:24	07:21	07:19	07:17	07:14	07:12	07:10	07:08	07:07	07:05	07:03	07:01	06:58	06:55	06:51
117027053	B	S	MTWRF	08:17	08:14	08:11	08:08	08:05	08:03	08:01	08:00	07:58	07:55	07:53	07:51	07:48	07:46	07:44	07:41	07:39	07:37	07:34	07:32	07:30	07:28	07:27	07:25	07:23	07:21	07:18	07:15	07:11
117027052	B	S	MTWRF	08:37	08:34	08:31	08:28	08:25	08:23	08:21	08:20	08:18	08:15	08:13	08:11	08:08	08:06	08:04	08:01	07:59	07:57	07:54	07:52	07:50	07:48	07:47	07:45	07:43	07:41	07:38	07:35	07:31
117027051	B	S	MTWRF	08:57	08:54	08:51	08:48	08:45	08:43	08:41	08:40	08:38	08:35	08:33	08:31	08:28	08:26	08:24	08:21	08:19	08:17	08:14	08:12	08:10	08:08	08:07	08:05	08:03	08:01	07:58	07:55	07:51
117027050	B	S	MTWRF	09:17	09:14	09:11	09:08	09:05	09:03	09:01	09:00	08:58	08:55	08:53	08:51	08:48	08:46	08:44	08:41	08:39	08:37	08:34	08:32	08:30	08:28	08:27	08:25	08:23	08:21	08:18	08:15	08:11
117027049	B	S	MTWRF	09:37	09:34	09:31	09:28	09:25	09:23	09:21	09:20	09:18	09:15	09:13	09:11	09:08	09:06	09:04	09:01	08:59	08:57	08:54	08:52	08:50	08:48	08:47	08:45	08:43	08:41	08:38	08:35	08:31
117027048	B	S	MTWRF	09:57	09:54	09:51	09:48	09:45	09:43	09:41	09:40	09:38	09:35	09:33	09:31	09:28	09:26	09:24	09:21	09:19	09:17	09:14	09:12	09:10	09:08	09:07	09:05	09:03	09:01	08:58	08:55	08:51
117027047	B	S	MTWRF	10:17	10:14	10:11	10:08	10:05	10:03	10:01	10:00	09:58	09:55	09:53	09:51	09:48	09:46	09:44	09:41	09:39	09:37	09:34	09:32	09:30	09:28	09:27	09:25	09:23	09:21	09:18	09:15	09:11
117027046	B	S	MTWRFSU	10:37	10:34	10:31	10:28	10:25	10:23	10:21	10:20	10:18	10:15	10:13	10:11	10:08	10:06	10:04	10:01	09:59	09:57	09:54	09:52	09:50	09:48	09:47	09:45	09:43	09:41	09:38	09:35	09:31
117027045	B	S	MTWRFSU	10:57	10:54	10:51	10:48	10:45	10:43	10:41	10:40	10:38	10:35	10:33	10:31	10:28	10:26	10:24	10:21	10:19	10:17	10:14	10:12	10:10	10:08	10:07	10:05	10:03	10:01	09:58	09:55	09:51
117027044	B	S	MTWRFSU	11:17	11:14	11:11	11:08	11:05	11:03	11:01	11:00	10:58	10:55	10:53	10:51	10:48	10:46	10:44	10:41	10:39	10:37	10:34	10:32	10:30	10:28	10:27	10:25	10:23	10:21	10:18	10:15	10:11
117027043	B	S	MTWRFSU	11:37	11:34	11:31	11:28	11:25	11:23	11:21	11:20	11:18	11:15	11:13	11:11	11:08	11:06	11:04	11:01	10:59	10:57	10:54	10:52	10:50	10:48	10:47	10:45	10:43	10:41	10:38	10:35	10:31
117027042	B	S	MTWRFSU	11:57	11:54	11:51	11:48	11:45	11:43	11:41	11:40	11:38	11:35	11:33	11:31	11:28	11:26	11:24	11:21	11:19	11:17	11:14	11:12	11:10	11:08	11:07	11:05	11:03	11:01	10:58	10:55	10:51
117027041	B	S	MTWRFSU	12:17	12:14	12:11	12:08	12:05	12:03	12:01	12:00	11:58	11:55	11:53	11:51	11:48	11:46	11:44	11:41	11:39	11:37	11:34	11:32	11:30	11:28	11:27	11:25	11:23	11:21	11:18	11:15	11:11
117027040	B	S	MTWRFSU	12:37	12:34	12:31	12:28	12:25	12:23	12:21	12:20	12:18	12:15	12:13	12:11	12:08	12:06	12:04	12:01	11:59	11:57	11:54	11:52	11:50	11:48	11:47	11:45	11:43	11:41	11:38	11:35	11:31
117027039	B	S	MTWRFSU	12:57	12:54	12:51	12:48	12:45	12:43	12:41	12:40	12:38	12:35	12:33	12:31	12:28	12:26	12:24	12:21	12:19	12:17	12:14	12:12	12:10	12:08	12:07	12:05	12:03	12:01	11:58	11:55	11:51
117027038	B	S	MTWRFSU	13:17	13:14	13:11	13:08	13:05	13:03	13:01	13:00	12:58	12:55	12:53	12:51	12:48	12:46	12:44	12:41	12:39	12:37	12:34	12:32	12:30	12:28	12:27	12:25	12:23	12:21	12:18	12:15	12:11
117027037	B	S	MTWRFSU	13:37	13:34	13:31	13:28	13:25	13:23	13:21	13:20	13:18	13:15	13:13	13:11	13:08	13:06	13:04	13:01	12:59	12:57	12:54	12:52	12:50	12:48	12:47	12:45	12:43	12:41	12:38	12:35	12:31
117027036	B	S	MTWRFSU	13:57	13:54	13:51	13:48	13:45	13:43	13:41	13:40	13:38	13:35	13:33	13:31	13:28	13:26	13:24	13:21	13:19	13:17	13:14	13:12	13:10	13:08	13:07	13:05	13:03	13:01	12:58	12:55	12:51
117027035	B	S	MTWRFSU	14:17	14:14	14:11	14:08	14:05	14:03	14:01	14:00	13:58	13:55	13:53	13:51	13:48	13:46	13:44	13:41	13:39	13:37	13:34	13:32	13:30	13:28	13:27	13:25	13:23	13:21	13:18	13:15	13:11
117027034	B	S	MTWRFSU	14:37	14:34	14:31	14:28	14:25	14:23	14:21	14:20	14:18	14:15	14:13	14:11	14:08	14:06	14:04	14:01	13:59	13:57	13:54	13:52	13:50	13:48	13:47	13:45	13:43	13:41	13:38	13:35	13:31
117027033	B	S	MTWRFSU	14:57	14:54	14:51	14:48	14:45	14:43	14:41	14:40	14:38	14:35	14:33	14:31	14:28	14:26	14:24	14:21	14:19	14:17	14:14	14:12	14:10	14:08	14:07	14:05	14:03	14:01	13:58	13:55	13:51
117027032	B	S	MTWRFSU	15:17	15:14	15:11	15:08	15:05	15:03	15:01	15:00	14:58	14:55	14:53	14:51	14:48	14:46	14:44	14:41	14:39	14:37	14:34	14:32	14:30	14:28	14:27	14:25	14:23	14:21	14:18	14:15	14:11
117027031	B	S	MTWRFSU	15:37	15:34	15:31	15:28	15:25	15:23	15:21	15:20	15:18	15:15	15:13	15:11	15:08	15:06	15:04	15:01	14:59	14:57	14:54	14:52	14:50	14:48	14:47	14:45	14:43	14:41	14:38	14:35	14:31
117027030	B	S	MTWRFSU	15:57	15:54	15:51	15:48	15:45	15:43	15:41	15:40	15:38	15:35	15:33	15:31	15:28	15:26	15:24	15:21	15:19	15:17	15:14	15:12	15:10	15:08	15:07	15:05	15:03	15:01	14:58	14:55	14:51
117027029	B	S	MTWRFSU	16:17	16:14	16:11	16:08	16:05	16:03	16:01	16:00	15:58	15:55	15:53	15:51	15:48	15:46	15:44	15:41	15:39	15:37	15:34	15:32	15:30	15:28	15:27	15:25	15:23	15:21	15:18	15:15	15:11
117027028	B	S	MTWRFSU	16:37	16:34	16:31	16:28	16:25	16:23	16:21	16:20	16:18	16:15	16:13	16:11	16:08	16:06	16:04	16:01	15:59	15:57	15:54	15:52	15:50	15:48	15:47	15:45	15:43	15:41	15:38	15:35	15:31
117027027	B	S	MTWRFSU	16:57	16:54	16:51	16:48	16:45	16:43	16:41	16:40	16:38	16:35	16:33	16:31	16:28	16:26	16:24	16:21	16:19	16:17	16:14	16:12	16:10	16:08	16:07	16:05	16:03	16:01	15:58	15:55	15:51
117027026	B	S	MTWRFSU	17:17	17:14	17:11	17:08	17:05	17:03	17:01	17:00	16:58	16:55	16:53	16:51	16:48	16:46	16:44	16:41	16:39	16:37	16:34	16:32	16:30	16:28	16:27	16:25	16:23	16:21	16:18	16:15	16:11
117027025	B	S	MTWRFSU	17:37	17:34	17:31	17:28	17:25	17:23	17:21	17:20	17:18	17:15	17:13	17:11	17:08	17:06	17:04	17:01	16:59	16:57	16:54	16:52	16:50	16:48	16:47	16:45	16:43	16:41	16:38	16:35	16:31
117027024	B	S	MTWRFSU	17:57	17:54	17:51	17:48	17:45	17:43	17:41	17:40	17:38	17:35	17:33	17:31	17:28	17:26	17:24	17:21	17:19	17:17	17:14	17:12	17:10	17:08	17:07	17:05	17:03	17:01	16:58	16:55	16:51
117027023	B	S	MTWRFSU	18:17	18:14	18:11	18:08	18:05	18:03	18:01	18:00	17:58	17:55	17:53	17:51	17:48	17:46	17:44	17:41	17:39	17:37	17:34	17:32	17:30	17:28	17:27	17:25	17:23	17:21	17:18	17:15	17:11
117027022	B	S	MTWRFSU	18:37	18:34	18:31	18:28	18:25	18:23	18:21	18:20	18:18	18:15	18:13	18:11	18:08	18:06	18:04	18:01	17:59	17:57	17:54	17:52	17:50	17:48	17:47	17:45	17:43	17:41	17:38	17:35	17:31
117027021	B	S	MTWRFSU	18:57	18:54	18:51	18:48	18:45	18:43	18:41	18:40	18:38	18:35	18:33	18:31	18:28	18:26	18:24	18:21	18:19	18:17	18:14	18:12	18:10	18:08	18:07	18:05	18:03	18:01	17:58	17:55	17:51
117027020	B	S	MTWRFSU	19:17	19:14	19:11	19:08	19:05	19:03	19:01	19:00	18:58	18:55	18:53	18:51	18:48	18:46	18:44	18:41	18:39	18:37	18:34	18:32	18:30	18:28	18:27	18:25	18:23	18:21	18:18	18:15	18:11
117027019	B	S	MTWRFS	19:37	19:34	19:31	19:28	19:25	19:23	19:21	19:20	19:18	19:15	19:13	19:11	19:08	19:06	19:04	19:01	18:59	18:57	18:54	18:52	18:50	18:48	18:47	18:45	18:43	18:41	18:38	18:35	18:31
117027018	B	S	MTWRFS	19:57	19:54	19:51	19:48	19:45	19:43	19:41	19:40	19:38	19:35	19:33	19:31	19:28	19:26	19:24	19:21	19:19	19:17	19:14	19:12	19:10	19:08	19:07	19:05	19:03	19:01	18:58	18:55	18:51
117027017	B	S	MTWRFS	20:17	20:14	20:11	20:08	20:05	20:03	20:01	20:00	19:58	19:55	19:53	19:51	19:48	19:46	19:44	19:41	19:39	19:37	19:34	19:32	19:30	19:28	19:27	19:25	19:23	19:21	19:18	19:15	19:11
117027016	B	S	F	20:37	20:34	20:31	20:28	20:25	20:23	20:21	20:20	20:18	20:15	20:13	20:11	20:08	20:06	20:04	20:01	19:59	19:57	19:54	19:52	19:50	19:48	19:47	19:45	19:43	19:41	19:38	19:35	19:31
117027015	B	S	F	20:57	20:54	20:51	20:48	20:45	20:43	20:41	20:40	20:38	20:35	20:33	20:31	20:28	20:26	20:24	20:21	20:19	20:17	20:14	20:12	20:10	20:08	20:07	20:05	20:03	20:01	19:58	19:55	19:51
117027014	B	S	F	21:17	21:14	21:11	21:08	21:05	21:03	21:01	21:00	20:58	20:55	20:53	20:51	20:48	20:46	20:44	20:41	20:39	20:37	20:34	20:32	20:30	20:28	20:27	20:25	20:23	20:21	20:18	20:15	20:11
117026939	B	S	U	-	-	-	-	-	-	-	-	-	-	-	19:11	19:08	19:06	19:04	19:01	18:59	18:57	18:54	18:52	18:50	18:48	18:47	18:45	18:43	18:41	18:38	18:35	18:31
117026938	B	S	S	-	-	-	-	-	-	-	-	-	-	-	20:11	20:08	20:06	20:04	20:01	19:59	19:57	19:54	19:52	19:50	19:48	19:47	19:45	19:43	19:41	19:38	19:35	19:31
117026901	B	S	F	-	-	-	-	-	-	-	-	-	-	-	21:10	21:08	21:06	21:04	21:01	20:59	20:57	20:54	20:52	20:50	20:48	20:47	20:45	20:43	20:41	20:38	20:35	20:31
117026935	B	S	U	-	-	-	-	-	-	-	-	-	-	-	24:51	24:48	24:46	24:44	24:41	24:39	24:37	24:34	24:32	24:30	24:28	24:27	24:25	24:23	24:21	24:18	24:15	24:11
117026762	B	N	MTWRFSU	23:40	23:42	23:46	23:48	23:51	23:53	23:55	23:57	23:59	24:01	24:03	24:07	24:08	24:10	24:13	24:15	24:17	24:19	24:22	24:24	24:25	24:27	24:29	24:31	24:33	24:35	24:38	24:40	24:45
117026761	B	N	MTWRFSU	24:00	24:02	24:06	24:08	24:11	24:13	24:15	24:17	24:19	24:21	24:23	24:27	24:28	24:30	24:33	24:35	24:37	24:39	24:42	24:44	24:45	24:47	24:49	24:51	24:53	24:55	24:58	25:00	25:05
117026760	B	N	FS	24:20	24:22	24:26	24:28	24:31	24:33	24:35	24:37	24:39	24:41	24:43	24:47	24:48	24:50	24:53	24:55	24:57	24:59	25:02	25:04	25:05	25:07	25:09	25:11	25:13	25:15	25:18	25:20	25:25
117026759	B	N	FS	24:40	24:42	24:46	24:48	24:51	24:53	24:55	24:57	24:59	25:01	25:03	25:07	25:08	25:10	25:13	25:15	25:17	25:19	25:22	25:24	25:25	25:27	25:29	25:31	25:33	25:35	25:38	25:40	25:45
117026758	B	N	FS	25:00	25:02	25:06	25:08	25:11	25:13	25:15	25:17	25:19	25:21	25:23	25:27	25:28	25:30	25:33	25:35	25:37	25:39	25:42	25:44	25:45	25:47	25:49	25:51	25:53	25:55	25:58	26:00	26:05
117026757	B	N	SU	02:00	02:02	02:06	02:08	02:11	02:13	02:15	02:17	02:19	02:21	02:23	02:27	02:28	02:30	02:33	02:35	02:37	02:39	02:42	02:44	02:45	02:47	02:49	02:51	02:53	02:55	02:58	03:00	03:05
117026756	B	N	SU	03:00	03:02	03:06	03:08	03:11	03:13	03:15	03:17	03:19	03:21	03:23	03:27	03:28	03:30	03:33	03:35	03:37	03:39	03:42	03:44	03:45	03:47	03:49	03:51	03:53	03:55	03:58	04:00	04:05
117026755	B	N	SU	04:00	04:02	04:06	04:08	04:11	04:13	04:15	04:17	04:19	04:21	04:23	04:27	04:28	04:30	04:33	04:35	04:37	04:39	04:42	04:44	04:45	04:47	04:49	04:51	04:53	04:55	04:58	05:00	05:05
117026582	B	N	MTWRF	-	-	-	-	-	-	-	-	-	-	-	05:07	05:08	05:10	05:13	05:15	05:17	05:19	05:22	05:24	05:25	05:27	05:29	05:31	05:33	05:35	05:38	05:40	05:45
117026754	B	N	MTWRFSU	05:00	05:02	05:06	05:08	05:11	05:13	05:15	05:17	05:19	05:21	05:23	05:27	05:28	05:30	05:33	05:35	05:37	05:39	05:42	05:44	05:45	05:47	05:49	05:51	05:53	05:55	05:58	06:00	06:05
117026753	B	N	MTWRF	05:20	05:22	05:26	05:28	05:31	05:33	05:35	05:37	05:39	05:41	05:43	05:47	05:48	05:50	05:53	05:55	05:57	05:59	06:02	06:04	06:05	06:07	06:09	06:11	06:13	06:15	06:18	06:20	06:25
117026752	B	N	MTWRF	05:40	05:42	05:46	05:48	05:51	05:53	05:55	05:57	05:59	06:01	06:03	06:07	06:08	06:10	06:13	06:15	06:17	06:19	06:22	06:24	06:25	06:27	06:29	06:31	06:33	06:35	06:38	06:40	06:45
117026751	B	N	MTWRFSU	06:00	06:02	06:06	06:08	06:11	06:13	06:15	06:17	06:19	06:21	06:23	06:27	06:28	06:30	06:33	06:35	06:37	06:39	06:42	06:44	06:45	06:47	06:49	06:51	06:53	06:55	06:58	07:00	07:05
117026750	B	N	MTWRFSU	06:20	06:22	06:26	06:28	06:31	06:33	06:35	06:37	06:39	06:41	06:43	06:47	06:48	06:50	06:53	06:55	06:57	06:59	07:02	07:04	07:05	07:07	07:09	07:11	07:13	07:15	07:18	07:20	07:25
117026749	B	N	MTWRFSU	06:40	06:42	06:46	06:48	06:51	06:53	06:55	06:57	06:59	07:01	07:03	07:07	07:08	07:10	07:13	07:15	07:17	07:19	07:22	07:24	07:25	07:27	07:29	07:31	07:33	07:35	07:38	07:40	07:45
117026748	B	N	MTWRFSU	07:00	07:02	07:06	07:08	07:11	07:13	07:15	07:17	07:19	07:21	07:23	07:27	07:28	07:30	07:33	07:35	07:37	07:39	07:42	07:44	07:45	07:47	07:49	07:51	07:53	07:55	07:58	08:00	08:05
117026747	B	N	MTWRFSU	07:20	07:22	07:26	07:28	07:31	07:33	07:35	07:37	07:39	07:41	07:43	07:47	07:48	07:50	07:53	07:55	07:57	07:59	08:02	08:04	08:05	08:07	08:09	08:11	08:13	08:15	08:18	08:20	08:25
117026746	B	N	MTWRFSU	07:40	07:42	07:46	07:48	07:51	07:53	07:55	07:57	07:59	08:01	08:03	08:07	08:08	08:10	08:13	08:15	08:17	08:19	08:22	08:24	08:25	08:27	08:29	08:31	08:33	08:35	08:38	08:40	08:45
117026745	B	N	MTWRFSU	08:00	08:02	08:06	08:08	08:11	08:13	08:15	08:17	08:19	08:21	08:23	08:27	08:28	08:30	08:33	08:35	08:37	08:39	08:42	08:44	08:45	08:47	08:49	08:51	08:53	08:55	08:58	09:00	09:05
117026744	B	N	MTWRFSU	08:20	08:22	08:26	08:28	08:31	08:33	08:35	08:37	08:39	08:41	08:43	08:47	08:48	08:50	08:53	08:55	08:57	08:59	09:02	09:04	09:05	09:07	09:09	09:11	09:13	09:15	09:18	09:20	09:25
117026743	B	N	MTWRFSU	08:40	08:42	08:46	08:48	08:51	08:53	08:55	08:57	08:59	09:01	09:03	09:07	09:08	09:10	09:13	09:15	09:17	09:19	09:22	09:24	09:25	09:27	09:29	09:31	09:33	09:35	09:38	09:40	09:45
117026742	B	N	MTWRFSU	09:00	09:02	09:06	09:08	09:11	09:13	09:15	09:17	09:19	09:21	09:23	09:27	09:28	09:30	09:33	09:35	09:37	09:39	09:42	09:44	09:45	09:47	09:49	09:51	09:53	09:55	09:58	10:00	10:05
117026741	B	N	MTWRFSU	09:20	09:22	09:26	09:28	09:31	09:33	09:35	09:37	09:39	09:41	09:43	09:47	09:48	09:50	09:53	09:55	09:57	09:59	10:02	10:04	10:05	10:07	10:09	10:11	10:13	10:15	10:18	10:20	10:25
117026740	B	N	MTWRFSU	09:40	09:42	09:46	09:48	09:51	09:53	09:55	09:57	09:59	10:01	10:03	10:07	10:08	10:10	10:13	10:15	10:17	10:19	10:22	10:24	10:25	10:27	10:29	10:31	10:33	10:35	10:38	10:40	10:45
117026739	B	N	MTWRFSU	10:00	10:02	10:06	10:08	10:11	10:13	10:15	10:17	10:19	10:21	10:23	10:27	10:28	10:30	10:33	10:35	10:37	10:39	10:42	10:44	10:45	10:47	10:49	10:51	10:53	10:55	10:58	11:00	11:05
117026738	B	N	MTWRFSU	10:20	10:22	10:26	10:28	10:31	10:33	10:35	10:37	10:39	10:41	10:43	10:47	10:48	10:50	10:53	10:55	10:57	10:59	11:02	11:04	11:05	11:07	11:09	11:11	11:13	11:15	11:18	11:20	11:25
117026737	B	N	MTWRFSU	10:40	10:42	10:46	10:48	10:51	10:53	10:55	10:57	10:59	11:01	11:03	11:07	11:08	11:10	11:13	11:15	11:17	11:19	11:22	11:24	11:25	11:27	11:29	11:31	11:33	11:35	11:38	11:40	11:45
117026736	B	N	MTWRFSU	11:00	11:02	11:06	11:08	11:11	11:13	11:15	11:17	11:19	11:21	11:23	11:27	11:28	11:30	11:33	11:35	11:37	11:39	11:42	11:44	11:45	11:47	11:49	11:51	11:53	11:55	11:58	12:00	12:05
117026735	B	N	MTWRFSU	11:20	11:22	11:26	11:28	11:31	11:33	11:35	11:37	11:39	11:41	11:43	11:47	11:48	11:50	11:53	11:55	11:57	11:59	12:02	12:04	12:05	12:07	12:09	12:11	12:13	12:15	12:18	12:20	12:25
117026734	B	N	MTWRFSU	11:40	11:42	11:46	11:48	11:51	11:53	11:55	11:57	11:59	12:01	12:03	12:07	12:08	12:10	12:13	12:15	12:17	12:19	12:22	12:24	12:25	12:27	12:29	12:31	12:33	12:35	12:38	12:40	12:45
117026733	B	N	MTWRFSU	12:00	12:02	12:06	12:08	12:11	12:13	12:15	12:17	12:19	12:21	12:23	12:27	12:28	12:30	12:33	12:35	12:37	12:39	12:42	12:44	12:45	12:47	12:49	12:51	12:53	12:55	12:58	13:00	13:05
117026732	B	N	MTWRFSU	12:20	12:22	12:26	12:28	12:31	12:33	12:35	12:37	12:39	12:41	12:43	12:47	12:48	12:50	12:53	12:55	12:57	12:59	13:02	13:04	13:05	13:07	13:09	13:11	13:13	13:15	13:18	13:20	13:25
117026731	B	N	MTWRFSU	12:40	12:42	12:46	12:48	12:51	12:53	12:55	12:57	12:59	13:01	13:03	13:07	13:08	13:10	13:13	13:15	13:17	13:19	13:22	13:24	13:25	13:27	13:29	13:31	13:33	13:35	13:38	13:40	13:45
117026730	B	N	MTWRFSU	13:00	13:02	13:06	13:08	13:11	13:13	13:15	13:17	13:19	13:21	13:23	13:27	13:28	13:30	13:33	13:35	13:37	13:39	13:42	13:44	13:45	13:47	13:49	13:51	13:53	13:55	13:58	14:00	14:05
117026729	B	N	MTWRFSU	13:20	13:22	13:26	13:28	13:31	13:33	13:35	13:37	13:39	13:41	13:43	13:47	13:48	13:50	13:53	13:55	13:57	13:59	14:02	14:04	14:05	14:07	14:09	14:11	14:13	14:15	14:18	14:20	14:25
117026728	B	N	MTWRFSU	13:40	13:42	13:46	13:48	13:51	13:53	13:55	13:57	13:59	14:01	14:03	14:07	14:08	14:10	14:13	14:15	14:17	14:19	14:22	14:24	14:25	14:27	14:29	14:31	14:33	14:35	14:38	14:40	14:45
117026727	B	N	MTWRFSU	14:00	14:02	14:06	14:08	14:11	14:13	14:15	14:17	14:19	14:21	14:23	14:27	14:28	14:30	14:33	14:35	14:37	14:39	14:42	14:44	14:45	14:47	14:49	14:51	14:53	14:55	14:58	15:00	15:05
117026726	B	N	MTWRFSU	14:20	14:22	14:26	14:28	14:31	14:33	14:35	14:37	14:39	14:41	14:43	14:47	14:48	14:50	14:53	14:55	14:57	14:59	15:02	15:04	15:05	15:07	15:09	15:11	15:13	15:15	15:18	15:20	15:25
117026725	B	N	MTWRFSU	14:40	14:42	14:46	14:48	14:51	14:53	14:55	14:57	14:59	15:01	15:03	15:07	15:08	15:10	15:13	15:15	15:17	15:19	15:22	15:24	15:25	15:27	15:29	15:31	15:33	15:35	15:38	15:40	15:45
117026724	B	N	MTWRFSU	15:00	15:02	15:06	15:08	15:11	15:13	15:15	15:17	15:19	15:21	15:23	15:27	15:28	15:30	15:33	15:35	15:37	15:39	15:42	15:44	15:45	15:47	15:49	15:51	15:53	15:55	15:58	16:00	16:05
117026723	B	N	MTWRFSU	15:20	15:22	15:26	15:28	15:31	15:33	15:35	15:37	15:39	15:41	15:43	15:47	15:48	15:50	15:53	15:55	15:57	15:59	16:02	16:04	16:05	16:07	16:09	16:11	16:13	16:15	16:18	16:20	16:25
117026722	B	N	MTWRFSU	15:40	15:42	15:46	15:48	15:51	15:53	15:55	15:57	15:59	16:01	16:03	16:07	16:08	16:10	16:13	16:15	16:17	16:19	16:22	16:24	16:25	16:27	16:29	16:31	16:33	16:35	16:38	16:40	16:45
117026721	B	N	MTWRFSU	16:00	16:02	16:06	16:08	16:11	16:13	16:15	16:17	16:19	16:21	16:23	16:27	16:28	16:30	16:33	16:35	16:37	16:39	16:42	16:44	16:45	16:47	16:49	16:51	16:53	16:55	16:58	17:00	17:05
117026720	B	N	MTWRFSU	16:20	16:22	16:26	16:28	16:31	16:33	16:35	16:37	16:39	16:41	16:43	16:47	16:48	16:50	16:53	16:55	16:57	16:59	17:02	17:04	17:05	17:07	17:09	17:11	17:13	17:15	17:18	17:20	17:25
117026719	B	N	MTWRFSU	16:40	16:42	16:46	16:48	16:51	16:53	16:55	16:57	16:59	17:01	17:03	17:07	17:08	17:10	17:13	17:15	17:17	17:19	17:22	17:24	17:25	17:27	17:29	17:31	17:33	17:35	17:38	17:40	17:45
117026718	B	N	MTWRFSU	17:00	17:02	17:06	17:08	17:11	17:13	17:15	17:17	17:19	17:21	17:23	17:27	17:28	17:30	17:33	17:35	17:37	17:39	17:42	17:44	17:45	17:47	17:49	17:51	17:53	17:55	17:58	18:00	18:05
117026717	B	N	MTWRFSU	17:20	17:22	17:26	17:28	17:31	17:33	17:35	17:37	17:39	17:41	17:43	17:47	17:48	17:50	17:53	17:55	17:57	17:59	18:02	18:04	18:05	18:07	18:09	18:11	18:13	18:15	18:18	18:20	18:25
117026716	B	N	MTWRFSU	17:40	17:42	17:46	17:48	17:51	17:53	17:55	17:57	17:59	18:01	18:03	18:07	18:08	18:10	18:13	18:15	18:17	18:19	18:22	18:24	18:25	18:27	18:29	18:31	18:33	18:35	18:38	18:40	18:45
117026715	B	N	MTWRFSU	18:00	18:02	18:06	18:08	18:11	18:13	18:15	18:17	18:19	18:21	18:23	18:27	18:28	18:30	18:33	18:35	18:37	18:39	18:42	18:44	18:45	18:47	18:49	18:51	18:53	18:55	18:58	19:00	19:05
117026714	B	N	MTWRFSU	18:20	18:22	18:26	18:28	18:31	18:33	18:35	18:37	18:39	18:41	18:43	18:47	18:48	18:50	18:53	18:55	18:57	18:59	19:02	19:04	19:05	19:07	19:09	19:11	19:13	19:15	19:18	19:20	19:25
117026713	B	N	MTWRFSU	18:40	18:42	18:46	18:48	18:51	18:53	18:55	18:57	18:59	19:01	19:03	19:07	19:08	19:10	19:13	19:15	19:17	19:19	19:22	19:24	19:25	19:27	19:29	19:31	19:33	19:35	19:38	19:40	19:45
117026712	B	N	MTWRFSU	19:00	19:02	19:06	19:08	19:11	19:13	19:15	19:17	19:19	19:21	19:23	19:27	19:28	19:30	19:33	19:35	19:37	19:39	19:42	19:44	19:45	19:47	19:49	19:51	19:53	19:55	19:58	20:00	20:05
117026711	B	N	MTWRFSU	19:20	19:22	19:26	19:28	19:31	19:33	19:35	19:37	19:39	19:41	19:43	19:47	19:48	19:50	19:53	19:55	19:57	19:59	20:02	20:04	20:05	20:07	20:09	20:11	20:13	20:15	20:18	20:20	20:25
117026710	B	N	MTWRFSU	19:40	19:42	19:46	19:48	19:51	19:53	19:55	19:57	19:59	20:01	20:03	20:07	20:08	20:10	20:13	20:15	20:17	20:19	20:22	20:24	20:25	20:27	20:29	20:31	20:33	20:35	20:38	20:40	20:45
117026709	B	N	MTWRFSU	20:00	20:02	20:06	20:08	20:11	20:13	20:15	20:17	20:19	20:21	20:23	20:27	20:28	20:30	20:33	20:35	20:37	20:39	20:42	20:44	20:45	20:47	20:49	20:51	20:53	20:55	20:58	21:00	21:05
117026708	B	N	MTWRFSU	20:20	20:22	20:26	20:28	20:31	20:33	20:35	20:37	20:39	20:41	20:43	20:47	20:48	20:50	20:53	20:55	20:57	20:59	21:02	21:04	21:05	21:07	21:09	21:11	21:13	21:15	21:18	21:20	21:25
117026707	B	N	MTWRFSU	20:40	20:42	20:46	20:48	20:51	20:53	20:55	20:57	20:59	21:01	21:03	21:07	21:08	21:10	21:13	21:15	21:17	21:19	21:22	21:24	21:25	21:27	21:29	21:31	21:33	21:35	21:38	21:40	21:45
117026706	B	N	MTWRFSU	21:00	21:02	21:06	21:08	21:11	21:13	21:15	21:17	21:19	21:21	21:23	21:27	21:28	21:30	21:33	21:35	21:37	21:39	21:42	21:44	21:45	21:47	21:49	21:51	21:53	21:55	21:58	22:00	22:05
117026705	B	N	MTWRFSU	21:20	21:22	21:26	21:28	21:31	21:33	21:35	21:37	21:39	21:41	21:43	21:47	21:48	21:50	21:53	21:55	21:57	21:59	22:02	22:04	22:05	22:07	22:09	22:11	22:13	22:15	22:18	22:20	22:25
117026704	B	N	MTWRFSU	21:40	21:42	21:46	21:48	21:51	21:53	21:55	21:57	21:59	22:01	22:03	22:07	22:08	22:10	22:13	22:15	22:17	22:19	22:22	22:24	22:25	22:27	22:29	22:31	22:33	22:35	22:38	22:40	22:45
117026703	B	N	MTWRFSU	22:00	22:02	22:06	22:08	22:11	22:13	22:15	22:17	22:19	22:21	22:23	22:27	22:28	22:30	22:33	22:35	22:37	22:39	22:42	22:44	22:45	22:47	22:49	22:51	22:53	22:55	22:58	23:00	23:05
117026702	B	N	MTWRFSU	22:20	22:22	22:26	22:28	22:31	22:33	22:35	22:37	22:39	22:41	22:43	22:47	22:48	22:50	22:53	22:55	22:57	22:59	23:02	23:04	23:05	23:07	23:09	23:11	23:13	23:15	23:18	23:20	23:25
117026701	B	N	MTWRFSU	22:40	22:42	22:46	22:48	22:51	22:53	22:55	22:57	22:59	23:01	23:03	23:07	23:08	23:10	23:13	23:15	23:17	23:19	23:22	23:24	23:25	23:27	23:29	23:31	23:33	23:35	23:38	23:40	23:45
117026700	B	N	MTWRFSU	23:00	23:02	23:06	23:08	23:11	23:13	23:15	23:17	23:19	23:21	23:23	23:27	23:28	23:30	23:33	23:35	23:37	23:39	23:42	23:44	23:45	23:47	23:49	23:51	23:53	23:55	23:58	24:00	24:05
117026699	B	N	MTWRFSU	23:20	23:22	23:26	23:28	23:31	23:33	23:35	23:37	23:39	23:41	23:43	23:47	23:48	23:50	23:53	23:55	23:57	23:59	24:02	24:04	24:05	24:07	24:09	24:11	24:13	24:15	24:18	24:20	24:25
117026550	B	N	MTWRU	24:20	24:22	24:26	24:28	24:31	24:33	24:35	24:37	24:39	24:41	24:43	24:47	-	-	-	-	-	-	-	-	-	-	-	-	-	-	-	-	-
117026698	B	N	FS	25:30	25:32	25:36	25:38	25:41	25:43	25:45	25:47	25:49	25:51	25:53	25:57	25:58	26:00	26:03	26:05	26:07	26:09	26:12	26:14	26:15	26:17	26:19	26:21	26:23	26:25	26:28	26:30	26:35
117026697	B	N	SU	02:30	02:32	02:36	02:38	02:41	02:43	02:45	02:47	02:49	02:51	02:53	02:57	02:58	03:00	03:03	03:05	03:07	03:09	03:12	03:14	03:15	03:17	03:19	03:21	03:23	03:25	03:28	03:30	03:35
117026696	B	N	SU	03:30	03:32	03:36	03:38	03:41	03:43	03:45	03:47	03:49	03:51	03:53	03:57	03:58	04:00	04:03	04:05	04:07	04:09	04:12	04:14	04:15	04:17	04:19	04:21	04:23	04:25	04:28	04:30	04:35
117026695	B	N	SU	04:30	04:32	04:36	04:38	04:41	04:43	04:45	04:47	04:49	04:51	04:53	04:57	04:58	05:00	05:03	05:05	05:07	05:09	05:12	05:14	05:15	05:17	05:19	05:21	05:23	05:25	05:28	05:30	05:35
117026694	B	N	SU	05:30	05:32	05:36	05:38	05:41	05:43	05:45	05:47	05:49	05:51	05:53	05:57	05:58	06:00	06:03	06:05	06:07	06:09	06:12	06:14	06:15	06:17	06:19	06:21	06:23	06:25	06:28	06:30	06:35
117026693	B	N	MTWRF	05:50	05:52	05:56	05:58	06:01	06:03	06:05	06:07	06:09	06:11	06:13	06:17	06:18	06:20	06:23	06:25	06:27	06:29	06:32	06:34	06:35	06:37	06:39	06:41	06:43	06:45	06:48	06:50	06:55
117026692	B	N	MTWRF	06:10	06:12	06:16	06:18	06:21	06:23	06:25	06:27	06:29	06:31	06:33	06:37	06:38	06:40	06:43	06:45	06:47	06:49	06:52	06:54	06:55	06:57	06:59	07:01	07:03	07:05	07:08	07:10	07:15
117026691	B	N	MTWRF	06:30	06:32	06:36	06:38	06:41	06:43	06:45	06:47	06:49	06:51	06:53	06:57	06:58	07:00	07:03	07:05	07:07	07:09	07:12	07:14	07:15	07:17	07:19	07:21	07:23	07:25	07:28	07:30	07:35
117026690	B	N	MTWRF	06:50	06:52	06:56	06:58	07:01	07:03	07:05	07:07	07:09	07:11	07:13	07:17	07:18	07:20	07:23	07:25	07:27	07:29	07:32	07:34	07:35	07:37	07:39	07:41	07:43	07:45	07:48	07:50	07:55
117026689	B	N	MTWRF	07:10	07:12	07:16	07:18	07:21	07:23	07:25	07:27	07:29	07:31	07:33	07:37	07:38	07:40	07:43	07:45	07:47	07:49	07:52	07:54	07:55	07:57	07:59	08:01	08:03	08:05	08:08	08:10	08:15
117026688	B	N	MTWRF	07:30	07:32	07:36	07:38	07:41	07:43	07:45	07:47	07:49	07:51	07:53	07:57	07:58	08:00	08:03	08:05	08:07	08:09	08:12	08:14	08:15	08:17	08:19	08:21	08:23	08:25	08:28	08:30	08:35
117026687	B	N	MTWRF	07:50	07:52	07:56	07:58	08:01	08:03	08:05	08:07	08:09	08:11	08:13	08:17	08:18	08:20	08:23	08:25	08:27	08:29	08:32	08:34	08:35	08:37	08:39	08:41	08:43	08:45	08:48	08:50	08:55
117026686	B	N	MTWRF	08:10	08:12	08:16	08:18	08:21	08:23	08:25	08:27	08:29	08:31	08:33	08:37	08:38	08:40	08:43	08:45	08:47	08:49	08:52	08:54	08:55	08:57	08:59	09:01	09:03	09:05	09:08	09:10	09:15
117026685	B	N	MTWRF	08:30	08:32	08:36	08:38	08:41	08:43	08:45	08:47	08:49	08:51	08:53	08:57	08:58	09:00	09:03	09:05	09:07	09:09	09:12	09:14	09:15	09:17	09:19	09:21	09:23	09:25	09:28	09:30	09:35
117026684	B	N	MTWRF	08:50	08:52	08:56	08:58	09:01	09:03	09:05	09:07	09:09	09:11	09:13	09:17	09:18	09:20	09:23	09:25	09:27	09:29	09:32	09:34	09:35	09:37	09:39	09:41	09:43	09:45	09:48	09:50	09:55
117026683	B	N	MTWRF	09:10	09:12	09:16	09:18	09:21	09:23	09:25	09:27	09:29	09:31	09:33	09:37	09:38	09:40	09:43	09:45	09:47	09:49	09:52	09:54	09:55	09:57	09:59	10:01	10:03	10:05	10:08	10:10	10:15
117026682	B	N	MTWRF	09:30	09:32	09:36	09:38	09:41	09:43	09:45	09:47	09:49	09:51	09:53	09:57	09:58	10:00	10:03	10:05	10:07	10:09	10:12	10:14	10:15	10:17	10:19	10:21	10:23	10:25	10:28	10:30	10:35
117026580	B	N	SU	-	-	-	-	-	-	-	-	-	-	-	09:57	09:58	10:00	10:03	10:05	10:07	10:09	10:12	10:14	10:15	10:17	10:19	10:21	10:23	10:25	10:28	10:30	10:35
117026681	B	N	MTWRFSU	09:50	09:52	09:56	09:58	10:01	10:03	10:05	10:07	10:09	10:11	10:13	10:17	10:18	10:20	10:23	10:25	10:27	10:29	10:32	10:34	10:35	10:37	10:39	10:41	10:43	10:45	10:48	10:50	10:55
117026680	B	N	MTWRFSU	10:10	10:12	10:16	10:18	10:21	10:23	10:25	10:27	10:29	10:31	10:33	10:37	10:38	10:40	10:43	10:45	10:47	10:49	10:52	10:54	10:55	10:57	10:59	11:01	11:03	11:05	11:08	11:10	11:15
117026679	B	N	MTWRFSU	10:30	10:32	10:36	10:38	10:41	10:43	10:45	10:47	10:49	10:51	10:53	10:57	10:58	11:00	11:03	11:05	11:07	11:09	11:12	11:14	11:15	11:17	11:19	11:21	11:23	11:25	11:28	11:30	11:35
117026678	B	N	MTWRFSU	10:50	10:52	10:56	10:58	11:01	11:03	11:05	11:07	11:09	11:11	11:13	11:17	11:18	11:20	11:23	11:25	11:27	11:29	11:32	11:34	11:35	11:37	11:39	11:41	11:43	11:45	11:48	11:50	11:55
117026677	B	N	MTWRFSU	11:10	11:12	11:16	11:18	11:21	11:23	11:25	11:27	11:29	11:31	11:33	11:37	11:38	11:40	11:43	11:45	11:47	11:49	11:52	11:54	11:55	11:57	11:59	12:01	12:03	12:05	12:08	12:10	12:15
117026676	B	N	MTWRFSU	11:30	11:32	11:36	11:38	11:41	11:43	11:45	11:47	11:49	11:51	11:53	11:57	11:58	12:00	12:03	12:05	12:07	12:09	12:12	12:14	12:15	12:17	12:19	12:21	12:23	12:25	12:28	12:30	12:35
117026675	B	N	MTWRFSU	11:50	11:52	11:56	11:58	12:01	12:03	12:05	12:07	12:09	12:11	12:13	12:17	12:18	12:20	12:23	12:25	12:27	12:29	12:32	12:34	12:35	12:37	12:39	12:41	12:43	12:45	12:48	12:50	12:55
117026674	B	N	MTWRFSU	12:10	12:12	12:16	12:18	12:21	12:23	12:25	12:27	12:29	12:31	12:33	12:37	12:38	12:40	12:43	12:45	12:47	12:49	12:52	12:54	12:55	12:57	12:59	13:01	13:03	13:05	13:08	13:10	13:15
117026673	B	N	MTWRFSU	12:30	12:32	12:36	12:38	12:41	12:43	12:45	12:47	12:49	12:51	12:53	12:57	12:58	13:00	13:03	13:05	13:07	13:09	13:12	13:14	13:15	13:17	13:19	13:21	13:23	13:25	13:28	13:30	13:35
117026672	B	N	MTWRFSU	12:50	12:52	12:56	12:58	13:01	13:03	13:05	13:07	13:09	13:11	13:13	13:17	13:18	13:20	13:23	13:25	13:27	13:29	13:32	13:34	13:35	13:37	13:39	13:41	13:43	13:45	13:48	13:50	13:55
117026671	B	N	MTWRFSU	13:10	13:12	13:16	13:18	13:21	13:23	13:25	13:27	13:29	13:31	13:33	13:37	13:38	13:40	13:43	13:45	13:47	13:49	13:52	13:54	13:55	13:57	13:59	14:01	14:03	14:05	14:08	14:10	14:15
117026670	B	N	MTWRFSU	13:30	13:32	13:36	13:38	13:41	13:43	13:45	13:47	13:49	13:51	13:53	13:57	13:58	14:00	14:03	14:05	14:07	14:09	14:12	14:14	14:15	14:17	14:19	14:21	14:23	14:25	14:28	14:30	14:35
117026669	B	N	MTWRFSU	13:50	13:52	13:56	13:58	14:01	14:03	14:05	14:07	14:09	14:11	14:13	14:17	14:18	14:20	14:23	14:25	14:27	14:29	14:32	14:34	14:35	14:37	14:39	14:41	14:43	14:45	14:48	14:50	14:55
117026668	B	N	MTWRFSU	14:10	14:12	14:16	14:18	14:21	14:23	14:25	14:27	14:29	14:31	14:33	14:37	14:38	14:40	14:43	14:45	14:47	14:49	14:52	14:54	14:55	14:57	14:59	15:01	15:03	15:05	15:08	15:10	15:15
117026667	B	N	MTWRFSU	14:30	14:32	14:36	14:38	14:41	14:43	14:45	14:47	14:49	14:51	14:53	14:57	14:58	15:00	15:03	15:05	15:07	15:09	15:12	15:14	15:15	15:17	15:19	15:21	15:23	15:25	15:28	15:30	15:35
117026666	B	N	MTWRFSU	14:50	14:52	14:56	14:58	15:01	15:03	15:05	15:07	15:09	15:11	15:13	15:17	15:18	15:20	15:23	15:25	15:27	15:29	15:32	15:34	15:35	15:37	15:39	15:41	15:43	15:45	15:48	15:50	15:55
117026665	B	N	MTWRFSU	15:10	15:12	15:16	15:18	15:21	15:23	15:25	15:27	15:29	15:31	15:33	15:37	15:38	15:40	15:43	15:45	15:47	15:49	15:52	15:54	15:55	15:57	15:59	16:01	16:03	16:05	16:08	16:10	16:15
117026664	B	N	MTWRFSU	15:30	15:32	15:36	15:38	15:41	15:43	15:45	15:47	15:49	15:51	15:53	15:57	15:58	16:00	16:03	16:05	16:07	16:09	16:12	16:14	16:15	16:17	16:19	16:21	16:23	16:25	16:28	16:30	16:35
117026663	B	N	MTWRFSU	15:50	15:52	15:56	15:58	16:01	16:03	16:05	16:07	16:09	16:11	16:13	16:17	16:18	16:20	16:23	16:25	16:27	16:29	16:32	16:34	16:35	16:37	16:39	16:41	16:43	16:45	16:48	16:50	16:55
117026662	B	N	MTWRFSU	16:10	16:12	16:16	16:18	16:21	16:23	16:25	16:27	16:29	16:31	16:33	16:37	16:38	16:40	16:43	16:45	16:47	16:49	16:52	16:54	16:55	16:57	16:59	17:01	17:03	17:05	17:08	17:10	17:15
117026661	B	N	MTWRFSU	16:30	16:32	16:36	16:38	16:41	16:43	16:45	16:47	16:49	16:51	16:53	16:57	16:58	17:00	17:03	17:05	17:07	17:09	17:12	17:14	17:15	17:17	17:19	17:21	17:23	17:25	17:28	17:30	17:35
117026660	B	N	MTWRFSU	16:50	16:52	16:56	16:58	17:01	17:03	17:05	17:07	17:09	17:11	17:13	17:17	17:18	17:20	17:23	17:25	17:27	17:29	17:32	17:34	17:35	17:37	17:39	17:41	17:43	17:45	17:48	17:50	17:55
117026659	B	N	MTWRFSU	17:10	17:12	17:16	17:18	17:21	17:23	17:25	17:27	17:29	17:31	17:33	17:37	17:38	17:40	17:43	17:45	17:47	17:49	17:52	17:54	17:55	17:57	17:59	18:01	18:03	18:05	18:08	18:10	18:15
117026658	B	N	MTWRFSU	17:30	17:32	17:36	17:38	17:41	17:43	17:45	17:47	17:49	17:51	17:53	17:57	17:58	18:00	18:03	18:05	18:07	18:09	18:12	18:14	18:15	18:17	18:19	18:21	18:23	18:25	18:28	18:30	18:35
117026657	B	N	MTWRFSU	17:50	17:52	17:56	17:58	18:01	18:03	18:05	18:07	18:09	18:11	18:13	18:17	18:18	18:20	18:23	18:25	18:27	18:29	18:32	18:34	18:35	18:37	18:39	18:41	18:43	18:45	18:48	18:50	18:55
117026656	B	N	MTWRFSU	18:10	18:12	18:16	18:18	18:21	18:23	18:25	18:27	18:29	18:31	18:33	18:37	18:38	18:40	18:43	18:45	18:47	18:49	18:52	18:54	18:55	18:57	18:59	19:01	19:03	19:05	19:08	19:10	19:15
117026655	B	N	MTWRFSU	18:30	18:32	18:36	18:38	18:41	18:43	18:45	18:47	18:49	18:51	18:53	18:57	18:58	19:00	19:03	19:05	19:07	19:09	19:12	19:14	19:15	19:17	19:19	19:21	19:23	19:25	19:28	19:30	19:35
117026654	B	N	MTWRFS	18:50	18:52	18:56	18:58	19:01	19:03	19:05	19:07	19:09	19:11	19:13	19:17	19:18	19:20	19:23	19:25	19:27	19:29	19:32	19:34	19:35	19:37	19:39	19:41	19:43	19:45	19:48	19:50	19:55
117026653	B	N	FS	19:10	19:12	19:16	19:18	19:21	19:23	19:25	19:27	19:29	19:31	19:33	19:37	19:38	19:40	19:43	19:45	19:47	19:49	19:52	19:54	19:55	19:57	19:59	20:01	20:03	20:05	20:08	20:10	20:15
117026652	B	N	F	19:30	19:32	19:36	19:38	19:41	19:43	19:45	19:47	19:49	19:51	19:53	19:57	19:58	20:00	20:03	20:05	20:07	20:09	20:12	20:14	20:15	20:17	20:19	20:21	20:23	20:25	20:28	20:30	20:35
117026651	B	N	F	19:50	19:52	19:56	19:58	20:01	20:03	20:05	20:07	20:09	20:11	20:13	20:17	20:18	20:20	20:23	20:25	20:27	20:29	20:32	20:34	20:35	20:37	20:39	20:41	20:43	20:45	20:48	20:50	20:55
117026650	B	N	F	20:10	20:12	20:16	20:18	20:21	20:23	20:25	20:27	20:29	20:31	20:33	20:37	20:38	20:40	20:43	20:45	20:47	20:49	20:52	20:54	20:55	20:57	20:59	21:01	21:03	21:05	21:08	21:10	21:15
117027160	BX	S	MTWRF	08:12	08:08	08:05	08:02	-	-	-	07:58	07:56	07:53	07:51	07:49	07:46	07:44	07:42	07:39	07:37	07:35	07:32	07:30	07:28	07:26	07:25	-	-	-	-	-	-
117027159	BX	S	MTWRF	08:32	08:28	08:25	08:22	-	-	-	08:18	08:16	08:13	08:11	08:09	08:06	08:04	08:02	07:59	07:57	07:55	07:52	07:50	07:48	07:46	07:45	-	-	-	-	-	-
117027158	BX	S	MTWRF	08:52	08:48	08:45	08:42	-	-	-	08:38	08:36	08:33	08:31	08:29	08:26	08:24	08:22	08:19	08:17	08:15	08:12	08:10	08:08	08:06	08:05	-	-	-	-	-	-
117027157	BX	S	MTWRF	09:12	09:08	09:05	09:02	-	-	-	08:58	08:56	08:53	08:51	08:49	08:46	08:44	08:42	08:39	08:37	08:35	08:32	08:30	08:28	08:26	08:25	-	-	-	-	-	-
117027156	BX	S	MTWRF	09:32	09:28	09:25	09:22	-	-	-	09:18	09:16	09:13	09:11	09:09	09:06	09:04	09:02	08:59	08:57	08:55	08:52	08:50	08:48	08:46	08:45	-	-	-	-	-	-
117027155	BX	S	MTWRF	09:52	09:48	09:45	09:42	-	-	-	09:38	09:36	09:33	09:31	09:29	09:26	09:24	09:22	09:19	09:17	09:15	09:12	09:10	09:08	09:06	09:05	-	-	-	-	-	-
117027154	BX	S	MTWRF	15:12	15:08	15:05	15:02	-	-	-	14:58	14:56	14:53	14:51	14:49	14:46	14:44	14:42	14:39	14:37	14:35	14:32	14:30	14:28	14:26	14:25	-	-	-	-	-	-
117027153	BX	S	MTWRF	15:32	15:28	15:25	15:22	-	-	-	15:18	15:16	15:13	15:11	15:09	15:06	15:04	15:02	14:59	14:57	14:55	14:52	14:50	14:48	14:46	14:45	-	-	-	-	-	-
117027152	BX	S	MTWRF	15:52	15:48	15:45	15:42	-	-	-	15:38	15:36	15:33	15:31	15:29	15:26	15:24	15:22	15:19	15:17	15:15	15:12	15:10	15:08	15:06	15:05	-	-	-	-	-	-
117027151	BX	S	MTWRF	16:12	16:08	16:05	16:02	-	-	-	15:58	15:56	15:53	15:51	15:49	15:46	15:44	15:42	15:39	15:37	15:35	15:32	15:30	15:28	15:26	15:25	-	-	-	-	-	-
117027150	BX	S	MTWRF	16:32	16:28	16:25	16:22	-	-	-	16:18	16:16	16:13	16:11	16:09	16:06	16:04	16:02	15:59	15:57	15:55	15:52	15:50	15:48	15:46	15:45	-	-	-	-	-	-
117027149	BX	S	MTWRF	16:52	16:48	16:45	16:42	-	-	-	16:38	16:36	16:33	16:31	16:29	16:26	16:24	16:22	16:19	16:17	16:15	16:12	16:10	16:08	16:06	16:05	-	-	-	-	-	-
117027148	BX	S	MTWRF	17:12	17:08	17:05	17:02	-	-	-	16:58	16:56	16:53	16:51	16:49	16:46	16:44	16:42	16:39	16:37	16:35	16:32	16:30	16:28	16:26	16:25	-	-	-	-	-	-
117027147	BX	S	MTWRF	17:32	17:28	17:25	17:22	-	-	-	17:18	17:16	17:13	17:11	17:09	17:06	17:04	17:02	16:59	16:57	16:55	16:52	16:50	16:48	16:46	16:45	-	-	-	-	-	-
117027146	BX	S	MTWRF	-	-	-	-	-	-	-	-	-	-	-	09:49	09:46	09:44	09:42	09:39	09:37	09:35	09:32	09:30	09:28	09:26	09:25	-	-	-	-	-	-
117027145	BX	S	MTWRF	-	-	-	-	-	-	-	-	-	-	-	10:09	10:06	10:04	10:02	09:59	09:57	09:55	09:52	09:50	09:48	09:46	09:45	-	-	-	-	-	-
117027144	BX	S	MTWRF	-	-	-	-	-	-	-	-	-	-	-	17:29	17:26	17:24	17:22	17:19	17:17	17:15	17:12	17:10	17:08	17:06	17:05	-	-	-	-	-	-
117027143	BX	N	MTWRF	-	-	-	-	-	-	-	-	-	-	-	06:49	06:50	06:52	06:55	06:57	06:59	07:01	07:04	07:06	07:07	07:09	07:12	-	-	-	-	-	-
117027140	BX	N	MTWRF	06:45	06:48	06:51	06:54	-	-	-	06:59	07:01	07:03	07:05	07:09	07:10	07:12	07:15	07:17	07:19	07:21	07:24	07:26	07:27	07:29	07:32	-	-	-	-	-	-
117027139	BX	N	MTWRF	07:05	07:08	07:11	07:14	-	-	-	07:19	07:21	07:23	07:25	07:29	07:30	07:32	07:35	07:37	07:39	07:41	07:44	07:46	07:47	07:49	07:52	-	-	-	-	-	-
117027138	BX	N	MTWRF	07:25	07:28	07:31	07:34	-	-	-	07:39	07:41	07:43	07:45	07:49	07:50	07:52	07:55	07:57	07:59	08:01	08:04	08:06	08:07	08:09	08:12	-	-	-	-	-	-
117027137	BX	N	MTWRF	07:45	07:48	07:51	07:54	-	-	-	07:59	08:01	08:03	08:05	08:09	08:10	08:12	08:15	08:17	08:19	08:21	08:24	08:26	08:27	08:29	08:32	-	-	-	-	-	-
117027136	BX	N	MTWRF	08:05	08:08	08:11	08:14	-	-	-	08:19	08:21	08:23	08:25	08:29	08:30	08:32	08:35	08:37	08:39	08:41	08:44	08:46	08:47	08:49	08:52	-	-	-	-	-	-
117027135	BX	N	MTWRF	08:25	08:28	08:31	08:34	-	-	-	08:39	08:41	08:43	08:45	08:49	08:50	08:52	08:55	08:57	08:59	09:01	09:04	09:06	09:07	09:09	09:12	-	-	-	-	-	-
117027134	BX	N	MTWRF	08:45	08:48	08:51	08:54	-	-	-	08:59	09:01	09:03	09:05	09:09	09:10	09:12	09:15	09:17	09:19	09:21	09:24	09:26	09:27	09:29	09:32	-	-	-	-	-	-
117027142	BX	N	MTWRF	-	-	-	-	-	-	-	-	-	-	-	13:49	13:50	13:52	13:55	13:57	13:59	14:01	14:04	14:06	14:07	14:09	14:12	-	-	-	-	-	-
117027141	BX	N	MTWRF	-	-	-	-	-	-	-	-	-	-	-	14:09	14:10	14:12	14:15	14:17	14:19	14:21	14:24	14:26	14:27	14:29	14:32	-	-	-	-	-	-
117027133	BX	N	MTWRF	14:05	14:08	14:11	14:14	-	-	-	14:19	14:21	14:23	14:25	14:29	14:30	14:32	14:35	14:37	14:39	14:41	14:44	14:46	14:47	14:49	14:52	-	-	-	-	-	-
117027132	BX	N	MTWRF	14:25	14:28	14:31	14:34	-	-	-	14:39	14:41	14:43	14:45	14:49	14:50	14:52	14:55	14:57	14:59	15:01	15:04	15:06	15:07	15:09	15:12	-	-	-	-	-	-
117027131	BX	N	MTWRF	14:45	14:48	14:51	14:54	-	-	-	14:59	15:01	15:03	15:05	15:09	15:10	15:12	15:15	15:17	15:19	15:21	15:24	15:26	15:27	15:29	15:32	-	-	-	-	-	-
117027130	BX	N	MTWRF	15:05	15:08	15:11	15:14	-	-	-	15:19	15:21	15:23	15:25	15:29	15:30	15:32	15:35	15:37	15:39	15:41	15:44	15:46	15:47	15:49	15:52	-	-	-	-	-	-
117027129	BX	N	MTWRF	15:25	15:28	15:31	15:34	-	-	-	15:39	15:41	15:43	15:45	15:49	15:50	15:52	15:55	15:57	15:59	16:01	16:04	16:06	16:07	16:09	16:12	-	-	-	-	-	-
117027128	BX	N	MTWRF	15:45	15:48	15:51	15:54	-	-	-	15:59	16:01	16:03	16:05	16:09	16:10	16:12	16:15	16:17	16:19	16:21	16:24	16:26	16:27	16:29	16:32	-	-	-	-	-	-
117027127	BX	N	MTWRF	16:05	16:08	16:11	16:14	-	-	-	16:19	16:21	16:23	16:25	16:29	16:30	16:32	16:35	16:37	16:39	16:41	16:44	16:46	16:47	16:49	16:52	-	-	-	-	-	-
