number	type	direction	days	stop|Dybbølsbro|0.0|0	stop|København H|0.9|0	stop|Vesterport|1.4|0	stop|Nørreport|2.4|0	stop|Østerport|4.0|0	stop|Nordhavn|5.4|0	stop|Svanemøllen|6.7|0
117026132	A	S	MTWRF	05:07	05:05	-	-	-	-	-
117026130	A	S	MTWRF	05:27	05:25	05:22	05:20	05:18	05:15	05:13
117026129	A	S	MTWRF	05:47	05:45	05:42	05:40	05:38	05:35	05:33
117026128	A	S	MTWRF	06:07	06:05	06:02	06:00	05:58	05:55	05:53
117026127	A	S	MTWRF	06:27	06:25	06:22	06:20	06:18	06:15	06:13
117026126	A	S	MTWRF	06:47	06:45	06:42	06:40	06:38	06:35	06:33
117026125	A	S	MTWRF	07:07	07:05	07:02	07:00	06:58	06:55	06:53
117026124	A	S	MTWRF	07:27	07:25	07:22	07:20	07:18	07:15	07:13
117026123	A	S	MTWRF	07:47	07:45	07:42	07:40	07:38	07:35	07:33
117026122	A	S	MTWRF	08:07	08:05	08:02	08:00	07:58	07:55	07:53
117026121	A	S	MTWRF	08:27	08:25	08:22	08:20	08:18	08:15	08:13
117026120	A	S	MTWRF	08:47	08:45	08:42	08:40	08:38	08:35	08:33
117026119	A	S	MTWRF	09:07	09:05	09:02	09:00	08:58	08:55	08:53
117026118	A	S	MTWRF	09:27	09:25	09:22	09:20	09:18	09:15	09:13
117026117	A	S	MTWRF	09:47	09:45	09:42	09:40	09:38	09:35	09:33
117026116	A	S	MTWRF	10:07	10:05	10:02	10:00	09:58	09:55	09:53
117026115	A	S	MTWRF	10:27	10:25	10:22	10:20	10:18	10:15	10:13
117026114	A	S	MTWRF	10:47	10:45	10:42	10:40	10:38	10:35	10:33
117026113	A	S	MTWRF	11:07	11:05	11:02	11:00	10:58	10:55	10:53
117026112	A	S	MTWRF	11:27	11:25	11:22	11:20	11:18	11:15	11:13
117026111	A	S	MTWRF	11:47	11:45	11:42	11:40	11:38	11:35	11:33
117026110	A	S	MTWRF	12:07	12:05	12:02	12:00	11:58	11:55	11:53
117026109	A	S	MTWRF	12:27	12:25	12:22	12:20	12:18	12:15	12:13
117026108	A	S	MTWRF	12:47	12:45	12:42	12:40	12:38	12:35	12:33
117026107	A	S	MTWRF	13:07	13:05	13:02	13:00	12:58	12:55	12:53
117026106	A	S	MTWRF	13:27	13:25	13:22	13:20	13:18	13:15	13:13
117026105	A	S	MTWRF	13:47	13:45	13:42	13:40	13:38	13:35	13:33
117026104	A	S	MTWRF	14:07	14:05	14:02	14:00	13:58	13:55	13:53
117026103	A	S	MTWRF	14:27	14:25	14:22	14:20	14:18	14:15	14:13
117026102	A	S	MTWRF	14:47	14:45	14:42	14:40	14:38	14:35	14:33
117026101	A	S	MTWRF	15:07	15:05	15:02	15:00	14:58	14:55	14:53
117026100	A	S	MTWRF	15:27	15:25	15:22	15:20	15:18	15:15	15:13
117026099	A	S	MTWRF	15:47	15:45	15:42	15:40	15:38	15:35	15:33
117026098	A	S	MTWRF	16:07	16:05	16:02	16:00	15:58	15:55	15:53
117026097	A	S	MTWRF	16:27	16:25	16:22	16:20	16:18	16:15	16:13
117026096	A	S	MTWRF	16:47	16:45	16:42	16:40	16:38	16:35	16:33
117026095	A	S	MTWRF	17:07	17:05	17:02	17:00	16:58	16:55	16:53
117026094	A	S	MTWRF	17:27	17:25	17:22	17:20	17:18	17:15	17:13
117026093	A	S	MTWRF	17:47	17:45	17:42	17:40	17:38	17:35	17:33
117026092	A	S	MTWRF	18:07	18:05	18:02	18:00	17:58	17:55	17:53
117026091	A	S	MTWRF	18:27	18:25	18:22	18:20	18:18	18:15	18:13
117026090	A	S	MTWRF	18:47	18:45	18:42	18:40	18:38	18:35	18:33
117026089	A	S	MTWRF	19:07	19:05	19:02	19:00	18:58	18:55	18:53
117026088	A	S	MTWRF	19:27	19:25	19:22	19:20	19:18	19:15	19:13
117026131	A	S	MTWRF	05:57	05:55	-	-	-	-	-
117026087	A	S	MTWRF	06:17	06:15	06:12	06:10	06:08	06:05	06:03
117026086	A	S	MTWRF	06:37	06:35	06:32	06:30	06:28	06:25	06:23
117026085	A	S	MTWRF	06:57	06:55	06:52	06:50	06:48	06:45	06:43
117026084	A	S	MTWRF	07:17	07:15	07:12	07:10	07:08	07:05	07:03
117026083	A	S	MTWRF	07:37	07:35	07:32	07:30	07:28	07:25	07:23
117026082	A	S	MTWRF	07:57	07:55	07:52	07:50	07:48	07:45	07:43
117026081	A	S	MTWRF	08:17	08:15	08:12	08:10	08:08	08:05	08:03
117026080	A	S	MTWRF	08:37	08:35	08:32	08:30	08:28	08:25	08:23
117026079	A	S	MTWRF	08:57	08:55	08:52	08:50	08:48	08:45	08:43
117026078	A	S	MTWRF	09:17	09:15	09:12	09:10	09:08	09:05	09:03
117026077	A	S	MTWRF	09:37	09:35	09:32	09:30	09:28	09:25	09:23
117026076	A	S	MTWRF	09:57	09:55	09:52	09:50	09:48	09:45	09:43
117026075	A	S	MTWRF	10:17	10:15	10:12	10:10	10:08	10:05	10:03
117026074	A	S	MTWRF	10:37	10:35	10:32	10:30	10:28	10:25	10:23
117026073	A	S	MTWRF	10:57	10:55	10:52	10:50	10:48	10:45	10:43
117026072	A	S	MTWRF	11:17	11:15	11:12	11:10	11:08	11:05	11:03
117026071	A	S	MTWRF	11:37	11:35	11:32	11:30	11:28	11:25	11:23
117026070	A	S	MTWRF	11:57	11:55	11:52	11:50	11:48	11:45	11:43
117026069	A	S	MTWRF	12:17	12:15	12:12	12:10	12:08	12:05	12:03
117026068	A	S	MTWRF	12:37	12:35	12:32	12:30	12:28	12:25	12:23
117026067	A	S	MTWRF	12:57	12:55	12:52	12:50	12:48	12:45	12:43
117026066	A	S	MTWRF	13:17	13:15	13:12	13:10	13:08	13:05	13:03
117026065	A	S	MTWRF	13:37	13:35	13:32	13:30	13:28	13:25	13:23
117026064	A	S	MTWRF	13:57	13:55	13:52	13:50	13:48	13:45	13:43
117026063	A	S	MTWRF	14:17	14:15	14:12	14:10	14:08	14:05	14:03
117026062	A	S	MTWRF	14:37	14:35	14:32	14:30	14:28	14:25	14:23
117026061	A	S	MTWRF	14:57	14:55	14:52	14:50	14:48	14:45	14:43
117026060	A	S	MTWRF	15:17	15:15	15:12	15:10	15:08	15:05	15:03
117026059	A	S	MTWRF	15:37	15:35	15:32	15:30	15:28	15:25	15:23
117026058	A	S	MTWRF	15:57	15:55	15:52	15:50	15:48	15:45	15:43
117026057	A	S	MTWRF	16:17	16:15	16:12	16:10	16:08	16:05	16:03
117026056	A	S	MTWRF	16:37	16:35	16:32	16:30	16:28	16:25	16:23
117026055	A	S	MTWRF	16:57	16:55	16:52	16:50	16:48	16:45	16:43
117026054	A	S	MTWRF	17:17	17:15	17:12	17:10	17:08	17:05	17:03
117026053	A	S	MTWRF	17:37	17:35	17:32	17:30	17:28	17:25	17:23
117026052	A	S	MTWRF	17:57	17:55	17:52	17:50	17:48	17:45	17:43
117026051	A	S	MTWRF	18:17	18:15	18:12	18:10	18:08	18:05	18:03
117026050	A	S	MTWRF	18:37	18:35	18:32	18:30	18:28	18:25	18:23
117026049	A	S	MTWRF	18:57	18:55	18:52	18:50	18:48	18:45	18:43
117026048	A	S	MTWRF	19:17	19:15	19:12	19:10	19:08	19:05	19:03
117026348	A	S	MTWRFSU	24:17	24:15	24:12	24:10	24:08	24:05	24:03
117026347	A	S	FS	24:37	24:35	24:32	24:30	24:28	24:25	24:23
117026346	A	S	FS	24:57	24:55	24:52	24:50	24:48	24:45	24:43
117026345	A	S	FS	25:17	25:15	25:12	25:10	25:08	25:05	25:03
117026344	A	S	FS	25:37	25:35	25:32	25:30	25:28	25:25	25:23
117026343	A	S	FS	25:57	25:55	25:52	25:50	25:48	25:45	25:43
117026342	A	S	SU	02:57	02:55	02:52	02:50	02:48	02:45	02:43
117026341	A	S	SU	03:57	03:55	03:52	03:50	03:48	03:45	03:43
117026340	A	S	SU	04:57	04:55	04:52	04:50	04:48	04:45	04:43
117026339	A	S	SU	05:57	05:55	05:52	05:50	05:48	05:45	05:43
117026338	A	S	SU	06:57	06:55	06:52	06:50	06:48	06:45	06:43
117026337	A	S	SU	07:17	07:15	07:12	07:10	07:08	07:05	07:03
117026336	A	S	SU	07:37	07:35	07:32	07:30	07:28	07:25	07:23
117026335	A	S	SU	07:57	07:55	07:52	07:50	07:48	07:45	07:43
117026334	A	S	SU	08:17	08:15	08:12	08:10	08:08	08:05	08:03
117026333	A	S	SU	08:37	08:35	08:32	08:30	08:28	08:25	08:23
117026332	A	S	SU	08:57	08:55	08:52	08:50	08:48	08:45	08:43
117026331	A	S	SU	09:17	09:15	09:12	09:10	09:08	09:05	09:03
117026330	A	S	SU	09:37	09:35	09:32	09:30	09:28	09:25	09:23
117026329	A	S	SU	09:57	09:55	09:52	09:50	09:48	09:45	09:43
117026328	A	S	SU	10:17	10:15	10:12	10:10	10:08	10:05	10:03
117026327	A	S	SU	10:37	10:35	10:32	10:30	10:28	10:25	10:23
117026326	A	S	SU	10:57	10:55	10:52	10:50	10:48	10:45	10:43
117026325	A	S	SU	11:17	11:15	11:12	11:10	11:08	11:05	11:03
117026324	A	S	SU	11:37	11:35	11:32	11:30	11:28	11:25	11:23
117026323	A	S	SU	11:57	11:55	11:52	11:50	11:48	11:45	11:43
117026322	A	S	SU	12:17	12:15	12:12	12:10	12:08	12:05	12:03
117026321	A	S	SU	12:37	12:35	12:32	12:30	12:28	12:25	12:23
117026320	A	S	SU	12:57	12:55	12:52	12:50	12:48	12:45	12:43
117026319	A	S	SU	13:17	13:15	13:12	13:10	13:08	13:05	13:03
117026318	A	S	SU	13:37	13:35	13:32	13:30	13:28	13:25	13:23
117026317	A	S	SU	13:57	13:55	13:52	13:50	13:48	13:45	13:43
117026316	A	S	SU	14:17	14:15	14:12	14:10	14:08	14:05	14:03
117026315	A	S	SU	14:37	14:35	14:32	14:30	14:28	14:25	14:23
117026314	A	S	SU	14:57	14:55	14:52	14:50	14:48	14:45	14:43
117026313	A	S	SU	15:17	15:15	15:12	15:10	15:08	15:05	15:03
117026312	A	S	SU	15:37	15:35	15:32	15:30	15:28	15:25	15:23
117026311	A	S	SU	15:57	15:55	15:52	15:50	15:48	15:45	15:43
117026310	A	S	SU	16:17	16:15	16:12	16:10	16:08	16:05	16:03
117026309	A	S	SU	16:37	16:35	16:32	16:30	16:28	16:25	16:23
117026308	A	S	SU	16:57	16:55	16:52	16:50	16:48	16:45	16:43
117026307	A	S	SU	17:17	17:15	17:12	17:10	17:08	17:05	17:03
117026306	A	S	SU	17:37	17:35	17:32	17:30	17:28	17:25	17:23
117026305	A	S	SU	17:57	17:55	17:52	17:50	17:48	17:45	17:43
117026304	A	S	SU	18:17	18:15	18:12	18:10	18:08	18:05	18:03
117026303	A	S	SU	18:37	18:35	18:32	18:30	18:28	18:25	18:23
117026302	A	S	SU	18:57	18:55	18:52	18:50	18:48	18:45	18:43
117026301	A	S	SU	19:17	19:15	19:12	19:10	19:08	19:05	19:03
117026300	A	S	SU	19:37	19:35	19:32	19:30	19:28	19:25	19:23
117026299	A	S	SU	19:57	19:55	19:52	19:50	19:48	19:45	19:43
117026298	A	S	MTWRFSU	20:17	20:15	20:12	20:10	20:08	20:05	20:03
117026297	A	S	MTWRFSU	20:37	20:35	20:32	20:30	20:28	20:25	20:23
117026296	A	S	MTWRFSU	20:57	20:55	20:52	20:50	20:48	20:45	20:43
117026295	A	S	MTWRFSU	21:17	21:15	21:12	21:10	21:08	21:05	21:03
117026294	A	S	MTWRFSU	21:37	21:35	21:32	21:30	21:28	21:25	21:23
117026293	A	S	MTWRFSU	21:57	21:55	21:52	21:50	21:48	21:45	21:43
117026292	A	S	MTWRFSU	22:17	22:15	22:12	22:10	22:08	22:05	22:03
117026291	A	S	MTWRFSU	22:37	22:35	22:32	22:30	22:28	22:25	22:23
117026290	A	S	MTWRFSU	22:57	22:55	22:52	22:50	22:48	22:45	22:43
117026289	A	S	MTWRFSU	23:17	23:15	23:12	23:10	23:08	23:05	23:03
117026288	A	S	MTWRFSU	23:37	23:35	23:32	23:30	23:28	23:25	23:23
117026287	A	S	MTWRFSU	23:57	23:55	23:52	23:50	23:48	23:45	23:43
117026047	A	S	MTWRU	-	24:35	24:32	24:30	24:28	24:25	24:23
117026046	A	S	MTWRU	-	24:55	24:52	24:50	24:48	24:45	24:43
117026030	A	S	MTWRF	19:37	19:35	19:32	19:30	19:28	19:25	19:23
117026029	A	S	MTWRF	19:57	19:55	19:52	19:50	19:48	19:45	19:43
117026284	A	S	FS	26:27	26:25	26:22	26:20	26:18	26:15	26:13
117026283	A	S	SU	03:27	03:25	03:22	03:20	03:18	03:15	03:13
117026282	A	S	SU	04:27	04:25	04:22	04:20	04:18	04:15	04:13
117026281	A	S	SU	05:27	05:25	05:22	05:20	05:18	05:15	05:13
117026280	A	S	SU	06:27	06:25	06:22	06:20	06:18	06:15	06:13
117026027	A	S	S	09:27	09:25	-	-	-	-	-
117026279	A	S	S	09:47	09:45	09:42	09:40	09:38	09:35	09:33
117026026	A	S	U	09:47	09:45	-	-	-	-	-
117026278	A	S	S	10:07	10:05	10:02	10:00	09:58	09:55	09:53
117026025	A	S	U	10:07	10:05	-	-	-	-	-
117026277	A	S	SU	10:27	10:25	10:22	10:20	10:18	10:15	10:13
117026276	A	S	SU	10:47	10:45	10:42	10:40	10:38	10:35	10:33
117026275	A	S	SU	11:07	11:05	11:02	11:00	10:58	10:55	10:53
117026274	A	S	SU	11:27	11:25	11:22	11:20	11:18	11:15	11:13
117026273	A	S	SU	11:47	11:45	11:42	11:40	11:38	11:35	11:33
117026272	A	S	SU	12:07	12:05	12:02	12:00	11:58	11:55	11:53
117026271	A	S	SU	12:27	12:25	12:22	12:20	12:18	12:15	12:13
117026270	A	S	SU	12:47	12:45	12:42	12:40	12:38	12:35	12:33
117026269	A	S	SU	13:07	13:05	13:02	13:00	12:58	12:55	12:53
117026268	A	S	SU	13:27	13:25	13:22	13:20	13:18	13:15	13:13
117026267	A	S	SU	13:47	13:45	13:42	13:40	13:38	13:35	13:33
117026266	A	S	SU	14:07	14:05	14:02	14:00	13:58	13:55	13:53
117026265	A	S	SU	14:27	14:25	14:22	14:20	14:18	14:15	14:13
117026264	A	S	SU	14:47	14:45	14:42	14:40	14:38	14:35	14:33
117026263	A	S	SU	15:07	15:05	15:02	15:00	14:58	14:55	14:53
117026262	A	S	SU	15:27	15:25	15:22	15:20	15:18	15:15	15:13
117026261	A	S	SU	15:47	15:45	15:42	15:40	15:38	15:35	15:33
117026260	A	S	SU	16:07	16:05	16:02	16:00	15:58	15:55	15:53
117026259	A	S	SU	16:27	16:25	16:22	16:20	16:18	16:15	16:13
117026258	A	S	SU	16:47	16:45	16:42	16:40	16:38	16:35	16:33
117026257	A	S	SU	17:07	17:05	17:02	17:00	16:58	16:55	16:53
117026256	A	S	SU	17:27	17:25	17:22	17:20	17:18	17:15	17:13
117026255	A	S	SU	17:47	17:45	17:42	17:40	17:38	17:35	17:33
117026254	A	S	SU	18:07	18:05	18:02	18:00	17:58	17:55	17:53
117026253	A	S	SU	18:27	18:25	18:22	18:20	18:18	18:15	18:13
117026252	A	S	SU	18:47	18:45	18:42	18:40	18:38	18:35	18:33
117026251	A	S	S	19:07	19:05	19:02	19:00	18:58	18:55	18:53
117026250	A	S	S	19:27	19:25	19:22	19:20	19:18	19:15	19:13
117026249	A	S	S	19:47	19:45	19:42	19:40	19:38	19:35	19:33
117026248	A	S	F	20:07	20:05	20:02	20:00	19:58	19:55	19:53
117026247	A	S	F	20:27	20:25	20:22	20:20	20:18	20:15	20:13
117026246	A	S	F	20:47	20:45	20:42	20:40	20:38	20:35	20:33
117026045	A	S	U	-	19:05	19:02	19:00	18:58	18:55	18:53
117026044	A	S	S	-	20:05	20:02	20:00	19:58	19:55	19:53
117026023	A	S	F	-	21:04	21:02	21:00	20:58	20:55	20:53
117026028	A	S	MTWRF	19:47	19:45	19:42	19:40	19:38	19:35	19:33
117025997	A	N	MTWRF	05:09	05:13	05:14	05:16	05:19	05:21	05:23
117025973	A	N	MTWRF	05:29	05:33	05:34	05:36	05:39	05:41	05:43
117025939	A	N	MTWRF	05:49	05:53	05:54	05:56	05:59	06:01	06:03
117026013	A	N	MTWRF	06:09	06:13	06:14	06:16	06:19	06:21	06:23
117026003	A	N	MTWRF	06:29	06:33	06:34	06:36	06:39	06:41	06:43
117025998	A	N	MTWRF	06:49	06:53	06:54	06:56	06:59	07:01	07:03
117025996	A	N	MTWRF	07:09	07:13	07:14	07:16	07:19	07:21	07:23
117025995	A	N	MTWRF	07:29	07:33	07:34	07:36	07:39	07:41	07:43
117025994	A	N	MTWRF	07:49	07:53	07:54	07:56	07:59	08:01	08:03
117025988	A	N	MTWRF	08:09	08:13	08:14	08:16	08:19	08:21	08:23
117025977	A	N	MTWRF	08:29	08:33	08:34	08:36	08:39	08:41	08:43
117025965	A	N	MTWRF	08:49	08:53	08:54	08:56	08:59	09:01	09:03
117025954	A	N	MTWRF	09:09	09:13	09:14	09:16	09:19	09:21	09:23
117025947	A	N	MTWRF	09:29	09:33	09:34	09:36	09:39	09:41	09:43
117025946	A	N	MTWRF	09:49	09:53	09:54	09:56	09:59	10:01	10:03
117025945	A	N	MTWRF	10:09	10:13	10:14	10:16	10:19	10:21	10:23
117025944	A	N	MTWRF	10:29	10:33	10:34	10:36	10:39	10:41	10:43
117025943	A	N	MTWRF	10:49	10:53	10:54	10:56	10:59	11:01	11:03
117025942	A	N	MTWRF	11:09	11:13	11:14	11:16	11:19	11:21	11:23
117025941	A	N	MTWRF	11:29	11:33	11:34	11:36	11:39	11:41	11:43
117025940	A	N	MTWRF	11:49	11:53	11:54	11:56	11:59	12:01	12:03
117025938	A	N	MTWRF	12:09	12:13	12:14	12:16	12:19	12:21	12:23
117025937	A	N	MTWRF	12:29	12:33	12:34	12:36	12:39	12:41	12:43
117025936	A	N	MTWRF	12:49	12:53	12:54	12:56	12:59	13:01	13:03
117025935	A	N	MTWRF	13:09	13:13	13:14	13:16	13:19	13:21	13:23
117025934	A	N	MTWRF	13:29	13:33	13:34	13:36	13:39	13:41	13:43
117026018	A	N	MTWRF	13:49	13:53	13:54	13:56	13:59	14:01	14:03
117026017	A	N	MTWRF	14:09	14:13	14:14	14:16	14:19	14:21	14:23
117026016	A	N	MTWRF	14:29	14:33	14:34	14:36	14:39	14:41	14:43
117026015	A	N	MTWRF	14:49	14:53	14:54	14:56	14:59	15:01	15:03
117026014	A	N	MTWRF	15:09	15:13	15:14	15:16	15:19	15:21	15:23
117026012	A	N	MTWRF	15:29	15:33	15:34	15:36	15:39	15:41	15:43
117026011	A	N	MTWRF	15:49	15:53	15:54	15:56	15:59	16:01	16:03
117026010	A	N	MTWRF	16:09	16:13	16:14	16:16	16:19	16:21	16:23
117026009	A	N	MTWRF	16:29	16:33	16:34	16:36	16:39	16:41	16:43
117026008	A	N	MTWRF	16:49	16:53	16:54	16:56	16:59	17:01	17:03
117026007	A	N	MTWRF	17:09	17:13	17:14	17:16	17:19	17:21	17:23
117026006	A	N	MTWRF	17:29	17:33	17:34	17:36	17:39	17:41	17:43
117026005	A	N	MTWRF	17:49	17:53	17:54	17:56	17:59	18:01	18:03
117026004	A	N	MTWRF	18:09	18:13	18:14	18:16	18:19	18:21	18:23
117026002	A	N	F	18:29	18:33	18:34	18:36	18:39	18:41	18:43
117026001	A	N	F	18:49	18:53	18:54	18:56	18:59	19:01	19:03
117026000	A	N	F	19:09	19:13	19:14	19:16	19:19	19:21	19:23
117025999	A	N	F	19:29	19:33	19:34	19:36	19:39	19:41	19:43
117025993	A	N	MTWRF	05:59	06:03	06:04	06:06	06:09	06:11	06:13
117025992	A	N	MTWRF	06:19	06:23	06:24	06:26	06:29	06:31	06:33
117025991	A	N	MTWRF	06:39	06:43	06:44	06:46	06:49	06:51	06:53
117025990	A	N	MTWRF	06:59	07:03	07:04	07:06	07:09	07:11	07:13
117025989	A	N	MTWRF	07:19	07:23	07:24	07:26	07:29	07:31	07:33
117025987	A	N	MTWRF	07:39	07:43	07:44	07:46	07:49	07:51	07:53
117025986	A	N	MTWRF	07:59	08:03	08:04	08:06	08:09	08:11	08:13
117025985	A	N	MTWRF	08:19	08:23	08:24	08:26	08:29	08:31	08:33
117025984	A	N	MTWRF	08:39	08:43	08:44	08:46	08:49	08:51	08:53
117025983	A	N	MTWRF	08:59	09:03	09:04	09:06	09:09	09:11	09:13
117025982	A	N	MTWRF	09:19	09:23	09:24	09:26	09:29	09:31	09:33
117025981	A	N	MTWRF	09:39	09:43	09:44	09:46	09:49	09:51	09:53
117025980	A	N	MTWRF	09:59	10:03	10:04	10:06	10:09	10:11	10:13
117025979	A	N	MTWRF	10:19	10:23	10:24	10:26	10:29	10:31	10:33
117025978	A	N	MTWRF	10:39	10:43	10:44	10:46	10:49	10:51	10:53
117025976	A	N	MTWRF	10:59	11:03	11:04	11:06	11:09	11:11	11:13
117025975	A	N	MTWRF	11:19	11:23	11:24	11:26	11:29	11:31	11:33
117025974	A	N	MTWRF	11:39	11:43	11:44	11:46	11:49	11:51	11:53
117025972	A	N	MTWRF	11:59	12:03	12:04	12:06	12:09	12:11	12:13
117025971	A	N	MTWRF	12:19	12:23	12:24	12:26	12:29	12:31	12:33
117025970	A	N	MTWRF	12:39	12:43	12:44	12:46	12:49	12:51	12:53
117025969	A	N	MTWRF	12:59	13:03	13:04	13:06	13:09	13:11	13:13
117025968	A	N	MTWRF	13:19	13:23	13:24	13:26	13:29	13:31	13:33
117025967	A	N	MTWRF	13:39	13:43	13:44	13:46	13:49	13:51	13:53
117025966	A	N	MTWRF	13:59	14:03	14:04	14:06	14:09	14:11	14:13
117025964	A	N	MTWRF	14:19	14:23	14:24	14:26	14:29	14:31	14:33
117025963	A	N	MTWRF	14:39	14:43	14:44	14:46	14:49	14:51	14:53
117025962	A	N	MTWRF	14:59	15:03	15:04	15:06	15:09	15:11	15:13
117025961	A	N	MTWRF	15:19	15:23	15:24	15:26	15:29	15:31	15:33
117025960	A	N	MTWRF	15:39	15:43	15:44	15:46	15:49	15:51	15:53
117025959	A	N	MTWRF	15:59	16:03	16:04	16:06	16:09	16:11	16:13
117025958	A	N	MTWRF	16:19	16:23	16:24	16:26	16:29	16:31	16:33
117025957	A	N	MTWRF	16:39	16:43	16:44	16:46	16:49	16:51	16:53
117025956	A	N	MTWRF	16:59	17:03	17:04	17:06	17:09	17:11	17:13
117025955	A	N	MTWRF	17:19	17:23	17:24	17:26	17:29	17:31	17:33
117025953	A	N	MTWRF	17:39	17:43	17:44	17:46	17:49	17:51	17:53
117025952	A	N	MTWRF	17:59	18:03	18:04	18:06	18:09	18:11	18:13
117025951	A	N	MTWRF	18:19	18:23	18:24	18:26	18:29	18:31	18:33
117025950	A	N	MTWR	18:39	18:43	18:44	18:46	18:49	18:51	18:53
117025949	A	N	MTWR	18:59	19:03	19:04	19:06	19:09	19:11	19:13
117025948	A	N	MTWR	19:19	19:23	19:24	19:26	19:29	19:31	19:33
117025897	A	N	MTWR	19:39	19:43	19:44	19:46	19:49	19:51	19:53
117025800	A	N	MTWRFSU	24:09	24:13	24:14	24:16	24:19	24:21	24:23
117025798	A	N	MTWRFSU	24:29	24:33	24:34	24:36	24:39	24:41	24:43
117025797	A	N	FS	24:49	24:53	24:54	24:56	24:59	25:01	25:03
117025796	A	N	FS	25:09	25:13	25:14	25:16	25:19	25:21	25:23
117025795	A	N	FS	25:29	25:33	25:34	25:36	25:39	25:41	25:43
117025794	A	N	FS	26:29	26:33	26:34	26:36	26:39	26:41	26:43
117025793	A	N	SU	03:29	03:33	03:34	03:36	03:39	03:41	03:43
117025792	A	N	SU	04:29	04:33	04:34	04:36	04:39	04:41	04:43
117025791	A	N	SU	05:29	05:33	05:34	05:36	05:39	05:41	05:43
117025789	A	N	SU	06:29	06:33	06:34	06:36	06:39	06:41	06:43
117025787	A	N	SU	06:49	06:53	06:54	06:56	06:59	07:01	07:03
117025785	A	N	SU	07:09	07:13	07:14	07:16	07:19	07:21	07:23
117025783	A	N	SU	07:29	07:33	07:34	07:36	07:39	07:41	07:43
117025781	A	N	SU	07:49	07:53	07:54	07:56	07:59	08:01	08:03
117025779	A	N	SU	08:09	08:13	08:14	08:16	08:19	08:21	08:23
117025777	A	N	SU	08:29	08:33	08:34	08:36	08:39	08:41	08:43
117025775	A	N	SU	08:49	08:53	08:54	08:56	08:59	09:01	09:03
117025773	A	N	SU	09:09	09:13	09:14	09:16	09:19	09:21	09:23
117025771	A	N	SU	09:29	09:33	09:34	09:36	09:39	09:41	09:43
117025769	A	N	SU	09:49	09:53	09:54	09:56	09:59	10:01	10:03
117025767	A	N	SU	10:09	10:13	10:14	10:16	10:19	10:21	10:23
117025765	A	N	SU	10:29	10:33	10:34	10:36	10:39	10:41	10:43
117025763	A	N	SU	10:49	10:53	10:54	10:56	10:59	11:01	11:03
117025761	A	N	SU	11:09	11:13	11:14	11:16	11:19	11:21	11:23
117025759	A	N	SU	11:29	11:33	11:34	11:36	11:39	11:41	11:43
117025757	A	N	SU	11:49	11:53	11:54	11:56	11:59	12:01	12:03
117025756	A	N	SU	12:09	12:13	12:14	12:16	12:19	12:21	12:23
117025894	A	N	SU	12:29	12:33	12:34	12:36	12:39	12:41	12:43
117025892	A	N	SU	12:49	12:53	12:54	12:56	12:59	13:01	13:03
117025890	A	N	SU	13:09	13:13	13:14	13:16	13:19	13:21	13:23
117025888	A	N	SU	13:29	13:33	13:34	13:36	13:39	13:41	13:43
117025886	A	N	SU	13:49	13:53	13:54	13:56	13:59	14:01	14:03
117025884	A	N	SU	14:09	14:13	14:14	14:16	14:19	14:21	14:23
117025882	A	N	SU	14:29	14:33	14:34	14:36	14:39	14:41	14:43
117025880	A	N	SU	14:49	14:53	14:54	14:56	14:59	15:01	15:03
117025878	A	N	SU	15:09	15:13	15:14	15:16	15:19	15:21	15:23
117025876	A	N	SU	15:29	15:33	15:34	15:36	15:39	15:41	15:43
117025874	A	N	SU	15:49	15:53	15:54	15:56	15:59	16:01	16:03
117025872	A	N	SU	16:09	16:13	16:14	16:16	16:19	16:21	16:23
117025870	A	N	SU	16:29	16:33	16:34	16:36	16:39	16:41	16:43
117025868	A	N	SU	16:49	16:53	16:54	16:56	16:59	17:01	17:03
117025867	A	N	SU	17:09	17:13	17:14	17:16	17:19	17:21	17:23
117025866	A	N	SU	17:29	17:33	17:34	17:36	17:39	17:41	17:43
117025865	A	N	SU	17:49	17:53	17:54	17:56	17:59	18:01	18:03
117025863	A	N	SU	18:09	18:13	18:14	18:16	18:19	18:21	18:23
117025862	A	N	SU	18:29	18:33	18:34	18:36	18:39	18:41	18:43
117025861	A	N	SU	18:49	18:53	18:54	18:56	18:59	19:01	19:03
117025859	A	N	SU	19:09	19:13	19:14	19:16	19:19	19:21	19:23
117025858	A	N	SU	19:29	19:33	19:34	19:36	19:39	19:41	19:43
117025857	A	N	FSU	19:49	19:53	19:54	19:56	19:59	20:01	20:03
117025855	A	N	MTWRFSU	20:09	20:13	20:14	20:16	20:19	20:21	20:23
117025854	A	N	MTWRFSU	20:29	20:33	20:34	20:36	20:39	20:41	20:43
117025853	A	N	MTWRFSU	20:49	20:53	20:54	20:56	20:59	21:01	21:03
117025851	A	N	MTWRFSU	21:09	21:13	21:14	21:16	21:19	21:21	21:23
117025850	A	N	MTWRFSU	21:29	21:33	21:34	21:36	21:39	21:41	21:43
117025849	A	N	MTWRFSU	21:49	21:53	21:54	21:56	21:59	22:01	22:03
117025847	A	N	MTWRFSU	22:09	22:13	22:14	22:16	22:19	22:21	22:23
117025846	A	N	MTWRFSU	22:29	22:33	22:34	22:36	22:39	22:41	22:43
117025845	A	N	MTWRFSU	22:49	22:53	22:54	22:56	22:59	23:01	23:03
117025844	A	N	MTWRFSU	23:09	23:13	23:14	23:16	23:19	23:21	23:23
117025842	A	N	MTWRFSU	23:29	23:33	23:34	23:36	23:39	23:41	23:43
117025840	A	N	MTWRFSU	23:49	23:53	23:54	23:56	23:59	24:01	24:03
117025933	A	N	MTWRU	24:49	24:53	-	-	-	-	-
117025903	A	N	MTWR	18:29	18:33	18:34	18:36	18:39	18:41	18:43
117025902	A	N	MTWR	18:49	18:53	18:54	18:56	18:59	19:01	19:03
117025901	A	N	MTWR	19:09	19:13	19:14	19:16	19:19	19:21	19:23
117025900	A	N	MTWR	19:29	19:33	19:34	19:36	19:39	19:41	19:43
117025899	A	N	MTWR	19:49	19:53	19:54	19:56	19:59	20:01	20:03
117025839	A	N	FS	25:59	26:03	26:04	26:06	26:09	26:11	26:13
117025838	A	N	SU	02:59	03:03	03:04	03:06	03:09	03:11	03:13
117025837	A	N	SU	03:59	04:03	04:04	04:06	04:09	04:11	04:13
117025836	A	N	SU	04:59	05:03	05:04	05:06	05:09	05:11	05:13
117025834	A	N	SU	05:59	06:03	06:04	06:06	06:09	06:11	06:13
117025924	A	N	S	-	09:43	09:44	09:46	09:49	09:51	09:53
117025833	A	N	SU	09:59	10:03	10:04	10:06	10:09	10:11	10:13
117025832	A	N	SU	10:19	10:23	10:24	10:26	10:29	10:31	10:33
117025831	A	N	SU	10:39	10:43	10:44	10:46	10:49	10:51	10:53
117025830	A	N	SU	10:59	11:03	11:04	11:06	11:09	11:11	11:13
117025829	A	N	SU	11:19	11:23	11:24	11:26	11:29	11:31	11:33
117025828	A	N	SU	11:39	11:43	11:44	11:46	11:49	11:51	11:53
117025827	A	N	SU	11:59	12:03	12:04	12:06	12:09	12:11	12:13
117025826	A	N	SU	12:19	12:23	12:24	12:26	12:29	12:31	12:33
117025825	A	N	SU	12:39	12:43	12:44	12:46	12:49	12:51	12:53
117025824	A	N	SU	12:59	13:03	13:04	13:06	13:09	13:11	13:13
117025823	A	N	SU	13:19	13:23	13:24	13:26	13:29	13:31	13:33
117025822	A	N	SU	13:39	13:43	13:44	13:46	13:49	13:51	13:53
117025821	A	N	SU	13:59	14:03	14:04	14:06	14:09	14:11	14:13
117025820	A	N	SU	14:19	14:23	14:24	14:26	14:29	14:31	14:33
117025819	A	N	SU	14:39	14:43	14:44	14:46	14:49	14:51	14:53
117025818	A	N	SU	14:59	15:03	15:04	15:06	15:09	15:11	15:13
117025817	A	N	SU	15:19	15:23	15:24	15:26	15:29	15:31	15:33
117025816	A	N	SU	15:39	15:43	15:44	15:46	15:49	15:51	15:53
117025815	A	N	SU	15:59	16:03	16:04	16:06	16:09	16:11	16:13
117025814	A	N	SU	16:19	16:23	16:24	16:26	16:29	16:31	16:33
117025813	A	N	SU	16:39	16:43	16:44	16:46	16:49	16:51	16:53
117025812	A	N	SU	16:59	17:03	17:04	17:06	17:09	17:11	17:13
117025811	A	N	SU	17:19	17:23	17:24	17:26	17:29	17:31	17:33
117025810	A	N	SU	17:39	17:43	17:44	17:46	17:49	17:51	17:53
117025809	A	N	SU	17:59	18:03	18:04	18:06	18:09	18:11	18:13
117025808	A	N	SU	18:19	18:23	18:24	18:26	18:29	18:31	18:33
117025807	A	N	SU	18:39	18:43	18:44	18:46	18:49	18:51	18:53
117025806	A	N	FS	18:59	19:03	19:04	19:06	19:09	19:11	19:13
117025805	A	N	FS	19:19	19:23	19:24	19:26	19:29	19:31	19:33
117025804	A	N	FS	19:39	19:43	19:44	19:46	19:49	19:51	19:53
117025803	A	N	FS	19:59	20:03	20:04	20:06	20:09	20:11	20:13
117025802	A	N	F	20:19	20:23	20:24	20:26	20:29	20:31	20:33
117025801	A	N	F	20:39	20:43	20:44	20:46	20:49	20:51	20:53
117025930	A	N	U	18:59	19:03	-	-	-	-	-
117025928	A	N	S	20:19	20:23	-	-	-	-	-
117025923	A	N	F	20:59	21:02	-	-	-	-	-
117025898	A	N	F	18:39	18:43	18:44	18:46	18:49	18:51	18:53
117027126	B	S	FS	24:03	24:01	23:58	23:56	23:54	23:51	23:49
117027125	B	S	FS	24:23	24:21	24:18	24:16	24:14	24:11	24:09
117027124	B	S	FS	24:43	24:41	24:38	24:36	24:34	24:31	24:29
117027123	B	S	FS	25:03	25:01	24:58	24:56	24:54	24:51	24:49
117027122	B	S	FS	25:23	25:21	25:18	25:16	25:14	25:11	25:09
117027121	B	S	FS	26:23	26:21	26:18	26:16	26:14	26:11	26:09
117027120	B	S	SU	03:23	03:21	03:18	03:16	03:14	03:11	03:09
117027119	B	S	SU	04:23	04:21	04:18	04:16	04:14	04:11	04:09
117026947	B	S	MTWRF	05:03	05:01	-	-	-	-	-
117027118	B	S	SU	05:23	05:21	05:18	05:16	05:14	05:11	05:09
117026946	B	S	MTWRF	05:23	05:21	-	-	-	-	-
117027117	B	S	MTWRF	05:43	05:41	05:38	05:36	05:34	05:31	05:29
117027116	B	S	MTWRF	06:03	06:01	05:58	05:56	05:54	05:51	05:49
117027115	B	S	MTWRFSU	06:23	06:21	06:18	06:16	06:14	06:11	06:09
117027114	B	S	MTWRF	06:43	06:41	06:38	06:36	06:34	06:31	06:29
117027113	B	S	MTWRF	07:03	07:01	06:58	06:56	06:54	06:51	06:49
117027112	B	S	MTWRFSU	07:23	07:21	07:18	07:16	07:14	07:11	07:09
117027111	B	S	MTWRFSU	07:43	07:41	07:38	07:36	07:34	07:31	07:29
117027110	B	S	MTWRFSU	08:03	08:01	07:58	07:56	07:54	07:51	07:49
117027109	B	S	MTWRFSU	08:23	08:21	08:18	08:16	08:14	08:11	08:09
117027108	B	S	MTWRFSU	08:43	08:41	08:38	08:36	08:34	08:31	08:29
117027107	B	S	MTWRFSU	09:03	09:01	08:58	08:56	08:54	08:51	08:49
117027106	B	S	MTWRFSU	09:23	09:21	09:18	09:16	09:14	09:11	09:09
117027105	B	S	MTWRFSU	09:43	09:41	09:38	09:36	09:34	09:31	09:29
117027104	B	S	MTWRFSU	10:03	10:01	09:58	09:56	09:54	09:51	09:49
117027103	B	S	MTWRFSU	10:23	10:21	10:18	10:16	10:14	10:11	10:09
117027102	B	S	MTWRFSU	10:43	10:41	10:38	10:36	10:34	10:31	10:29
117027101	B	S	MTWRFSU	11:03	11:01	10:58	10:56	10:54	10:51	10:49
117027100	B	S	MTWRFSU	11:23	11:21	11:18	11:16	11:14	11:11	11:09
117027099	B	S	MTWRFSU	11:43	11:41	11:38	11:36	11:34	11:31	11:29
117027098	B	S	MTWRFSU	12:03	12:01	11:58	11:56	11:54	11:51	11:49
117027097	B	S	MTWRFSU	12:23	12:21	12:18	12:16	12:14	12:11	12:09
117027096	B	S	MTWRFSU	12:43	12:41	12:38	12:36	12:34	12:31	12:29
117027095	B	S	MTWRFSU	13:03	13:01	12:58	12:56	12:54	12:51	12:49
117027094	B	S	MTWRFSU	13:23	13:21	13:18	13:16	13:14	13:11	13:09
117027093	B	S	MTWRFSU	13:43	13:41	13:38	13:36	13:34	13:31	13:29
117027092	B	S	MTWRFSU	14:03	14:01	13:58	13:56	13:54	13:51	13:49
117027091	B	S	MTWRFSU	14:23	14:21	14:18	14:16	14:14	14:11	14:09
117027090	B	S	MTWRFSU	14:43	14:41	14:38	14:36	14:34	14:31	14:29
117027089	B	S	MTWRFSU	15:03	15:01	14:58	14:56	14:54	14:51	14:49
117027088	B	S	MTWRFSU	15:23	15:21	15:18	15:16	15:14	15:11	15:09
117027087	B	S	MTWRFSU	15:43	15:41	15:38	15:36	15:34	15:31	15:29
117027086	B	S	MTWRFSU	16:03	16:01	15:58	15:56	15:54	15:51	15:49
117027085	B	S	MTWRFSU	16:23	16:21	16:18	16:16	16:14	16:11	16:09
117027084	B	S	MTWRFSU	16:43	16:41	16:38	16:36	16:34	16:31	16:29
117027083	B	S	MTWRFSU	17:03	17:01	16:58	16:56	16:54	16:51	16:49
117027082	B	S	MTWRFSU	17:23	17:21	17:18	17:16	17:14	17:11	17:09
117027081	B	S	MTWRFSU	17:43	17:41	17:38	17:36	17:34	17:31	17:29
117027080	B	S	MTWRFSU	18:03	18:01	17:58	17:56	17:54	17:51	17:49
117027079	B	S	MTWRFSU	18:23	18:21	18:18	18:16	18:14	18:11	18:09
117027078	B	S	MTWRFSU	18:43	18:41	18:38	18:36	18:34	18:31	18:29
117027077	B	S	MTWRFSU	19:03	19:01	18:58	18:56	18:54	18:51	18:49
117027076	B	S	MTWRFSU	19:23	19:21	19:18	19:16	19:14	19:11	19:09
117027075	B	S	MTWRFSU	19:43	19:41	19:38	19:36	19:34	19:31	19:29
117027074	B	S	MTWRFSU	20:03	20:01	19:58	19:56	19:54	19:51	19:49
117027073	B	S	FS	20:23	20:21	20:18	20:16	20:14	20:11	20:09
117027072	B	S	FS	20:43	20:41	20:38	20:36	20:34	20:31	20:29
117027071	B	S	FS	21:03	21:01	20:58	20:56	20:54	20:51	20:49
117027070	B	S	FS	21:23	21:21	21:18	21:16	21:14	21:11	21:09
117027069	B	S	FS	21:43	21:41	21:38	21:36	21:34	21:31	21:29
117027068	B	S	FS	22:03	22:01	21:58	21:56	21:54	21:51	21:49
117027067	B	S	FS	22:23	22:21	22:18	22:16	22:14	22:11	22:09
117027066	B	S	FS	22:43	22:41	22:38	22:36	22:34	22:31	22:29
117027065	B	S	FS	23:03	23:01	22:58	22:56	22:54	22:51	22:49
117027064	B	S	FS	23:23	23:21	23:18	23:16	23:14	23:11	23:09
117027063	B	S	FS	23:43	23:41	23:38	23:36	23:34	23:31	23:29
117026943	B	S	MT	-	24:41	24:38	24:36	24:34	24:31	24:29
117026941	B	S	MT	-	25:01	24:58	24:56	24:54	24:51	24:49
117027062	B	S	FS	25:53	25:51	25:48	25:46	25:44	25:41	25:39
117027061	B	S	SU	02:53	02:51	02:48	02:46	02:44	02:41	02:39
117027060	B	S	SU	03:53	03:51	03:48	03:46	03:44	03:41	03:39
117027059	B	S	SU	04:53	04:51	04:48	04:46	04:44	04:41	04:39
117027058	B	S	SU	05:53	05:51	05:48	05:46	05:44	05:41	05:39
117026945	B	S	MTWRF	06:13	06:11	-	-	-	-	-
117027057	B	S	MTWRF	06:33	06:31	06:28	06:26	06:24	06:21	06:19
117027056	B	S	MTWRFSU	06:53	06:51	06:48	06:46	06:44	06:41	06:39
117027055	B	S	MTWRF	07:13	07:11	07:08	07:06	07:04	07:01	06:59
117027054	B	S	MTWRF	07:33	07:31	07:28	07:26	07:24	07:21	07:19
117027053	B	S	MTWRF	07:53	07:51	07:48	07:46	07:44	07:41	07:39
117027052	B	S	MTWRF	08:13	08:11	08:08	08:06	08:04	08:01	07:59
117027051	B	S	MTWRF	08:33	08:31	08:28	08:26	08:24	08:21	08:19
117027050	B	S	MTWRF	08:53	08:51	08:48	08:46	08:44	08:41	08:39
117027049	B	S	MTWRF	09:13	09:11	09:08	09:06	09:04	09:01	08:59
117027048	B	S	MTWRF	09:33	09:31	09:28	09:26	09:24	09:21	09:19
117027047	B	S	MTWRF	09:53	09:51	09:48	09:46	09:44	09:41	09:39
117027046	B	S	MTWRFSU	10:13	10:11	10:08	10:06	10:04	10:01	09:59
117027045	B	S	MTWRFSU	10:33	10:31	10:28	10:26	10:24	10:21	10:19
117027044	B	S	MTWRFSU	10:53	10:51	10:48	10:46	10:44	10:41	10:39
117027043	B	S	MTWRFSU	11:13	11:11	11:08	11:06	11:04	11:01	10:59
117027042	B	S	MTWRFSU	11:33	11:31	11:28	11:26	11:24	11:21	11:19
117027041	B	S	MTWRFSU	11:53	11:51	11:48	11:46	11:44	11:41	11:39
117027040	B	S	MTWRFSU	12:13	12:11	12:08	12:06	12:04	12:01	11:59
117027039	B	S	MTWRFSU	12:33	12:31	12:28	12:26	12:24	12:21	12:19
117027038	B	S	MTWRFSU	12:53	12:51	12:48	12:46	12:44	12:41	12:39
117027037	B	S	MTWRFSU	13:13	13:11	13:08	13:06	13:04	13:01	12:59
117027036	B	S	MTWRFSU	13:33	13:31	13:28	13:26	13:24	13:21	13:19
117027035	B	S	MTWRFSU	13:53	13:51	13:48	13:46	13:44	13:41	13:39
117027034	B	S	MTWRFSU	14:13	14:11	14:08	14:06	14:04	14:01	13:59
117027033	B	S	MTWRFSU	14:33	14:31	14:28	14:26	14:24	14:21	14:19
117027032	B	S	MTWRFSU	14:53	14:51	14:48	14:46	14:44	14:41	14:39
117027031	B	S	MTWRFSU	15:13	15:11	15:08	15:06	15:04	15:01	14:59
117027030	B	S	MTWRFSU	15:33	15:31	15:28	15:26	15:24	15:21	15:19
117027029	B	S	MTWRFSU	15:53	15:51	15:48	15:46	15:44	15:41	15:39
117027028	B	S	MTWRFSU	16:13	16:11	16:08	16:06	16:04	16:01	15:59
117027027	B	S	MTWRFSU	16:33	16:31	16:28	16:26	16:24	16:21	16:19
117027026	B	S	MTWRFSU	16:53	16:51	16:48	16:46	16:44	16:41	16:39
117027025	B	S	MTWRFSU	17:13	17:11	17:08	17:06	17:04	17:01	16:59
117027024	B	S	MTWRFSU	17:33	17:31	17:28	17:26	17:24	17:21	17:19
117027023	B	S	MTWRFSU	17:53	17:51	17:48	17:46	17:44	17:41	17:39
117027022	B	S	MTWRFSU	18:13	18:11	18:08	18:06	18:04	18:01	17:59
117027021	B	S	MTWRFSU	18:33	18:31	18:28	18:26	18:24	18:21	18:19
117027020	B	S	MTWRFSU	18:53	18:51	18:48	18:46	18:44	18:41	18:39
117027019	B	S	MTWRFS	19:13	19:11	19:08	19:06	19:04	19:01	18:59
117027018	B	S	MTWRFS	19:33	19:31	19:28	19:26	19:24	19:21	19:19
117027017	B	S	MTWRFS	19:53	19:51	19:48	19:46	19:44	19:41	19:39
117027016	B	S	F	20:13	20:11	20:08	20:06	20:04	20:01	19:59
117027015	B	S	F	20:33	20:31	20:28	20:26	20:24	20:21	20:19
117027014	B	S	F	20:53	20:51	20:48	20:46	20:44	20:41	20:39
117026939	B	S	U	-	19:11	19:08	19:06	19:04	19:01	18:59
117026938	B	S	S	-	20:11	20:08	20:06	20:04	20:01	19:59
117026901	B	S	F	-	21:10	21:08	21:06	21:04	21:01	20:59
117026935	B	S	U	-	24:51	24:48	24:46	24:44	24:41	24:39
117026762	B	N	MTWRFSU	24:03	24:07	24:08	24:10	24:13	24:15	24:17
117026761	B	N	MTWRFSU	24:23	24:27	24:28	24:30	24:33	24:35	24:37
117026760	B	N	FS	24:43	24:47	24:48	24:50	24:53	24:55	24:57
117026759	B	N	FS	25:03	25:07	25:08	25:10	25:13	25:15	25:17
117026758	B	N	FS	25:23	25:27	25:28	25:30	25:33	25:35	25:37
117026757	B	N	SU	02:23	02:27	02:28	02:30	02:33	02:35	02:37
117026756	B	N	SU	03:23	03:27	03:28	03:30	03:33	03:35	03:37
117026755	B	N	SU	04:23	04:27	04:28	04:30	04:33	04:35	04:37
117026582	B	N	MTWRF	-	05:07	05:08	05:10	05:13	05:15	05:17
117026754	B	N	MTWRFSU	05:23	05:27	05:28	05:30	05:33	05:35	05:37
117026753	B	N	MTWRF	05:43	05:47	05:48	05:50	05:53	05:55	05:57
117026752	B	N	MTWRF	06:03	06:07	06:08	06:10	06:13	06:15	06:17
117026751	B	N	MTWRFSU	06:23	06:27	06:28	06:30	06:33	06:35	06:37
117026750	B	N	MTWRFSU	06:43	06:47	06:48	06:50	06:53	06:55	06:57
117026749	B	N	MTWRFSU	07:03	07:07	07:08	07:10	07:13	07:15	07:17
117026748	B	N	MTWRFSU	07:23	07:27	07:28	07:30	07:33	07:35	07:37
117026747	B	N	MTWRFSU	07:43	07:47	07:48	07:50	07:53	07:55	07:57
117026746	B	N	MTWRFSU	08:03	08:07	08:08	08:10	08:13	08:15	08:17
117026745	B	N	MTWRFSU	08:23	08:27	08:28	08:30	08:33	08:35	08:37
117026744	B	N	MTWRFSU	08:43	08:47	08:48	08:50	08:53	08:55	08:57
117026743	B	N	MTWRFSU	09:03	09:07	09:08	09:10	09:13	09:15	09:17
117026742	B	N	MTWRFSU	09:23	09:27	09:28	09:30	09:33	09:35	09:37
117026741	B	N	MTWRFSU	09:43	09:47	09:48	09:50	09:53	09:55	09:57
117026740	B	N	MTWRFSU	10:03	10:07	10:08	10:10	10:13	10:15	10:17
117026739	B	N	MTWRFSU	10:23	10:27	10:28	10:30	10:33	10:35	10:37
117026738	B	N	MTWRFSU	10:43	10:47	10:48	10:50	10:53	10:55	10:57
117026737	B	N	MTWRFSU	11:03	11:07	11:08	11:10	11:13	11:15	11:17
117026736	B	N	MTWRFSU	11:23	11:27	11:28	11:30	11:33	11:35	11:37
117026735	B	N	MTWRFSU	11:43	11:47	11:48	11:50	11:53	11:55	11:57
117026734	B	N	MTWRFSU	12:03	12:07	12:08	12:10	12:13	12:15	12:17
117026733	B	N	MTWRFSU	12:23	12:27	12:28	12:30	12:33	12:35	12:37
117026732	B	N	MTWRFSU	12:43	12:47	12:48	12:50	12:53	12:55	12:57
117026731	B	N	MTWRFSU	13:03	13:07	13:08	13:10	13:13	13:15	13:17
117026730	B	N	MTWRFSU	13:23	13:27	13:28	13:30	13:33	13:35	13:37
117026729	B	N	MTWRFSU	13:43	13:47	13:48	13:50	13:53	13:55	13:57
117026728	B	N	MTWRFSU	14:03	14:07	14:08	14:10	14:13	14:15	14:17
117026727	B	N	MTWRFSU	14:23	14:27	14:28	14:30	14:33	14:35	14:37
117026726	B	N	MTWRFSU	14:43	14:47	14:48	14:50	14:53	14:55	14:57
117026725	B	N	MTWRFSU	15:03	15:07	15:08	15:10	15:13	15:15	15:17
117026724	B	N	MTWRFSU	15:23	15:27	15:28	15:30	15:33	15:35	15:37
117026723	B	N	MTWRFSU	15:43	15:47	15:48	15:50	15:53	15:55	15:57
117026722	B	N	MTWRFSU	16:03	16:07	16:08	16:10	16:13	16:15	16:17
117026721	B	N	MTWRFSU	16:23	16:27	16:28	16:30	16:33	16:35	16:37
117026720	B	N	MTWRFSU	16:43	16:47	16:48	16:50	16:53	16:55	16:57
117026719	B	N	MTWRFSU	17:03	17:07	17:08	17:10	17:13	17:15	17:17
117026718	B	N	MTWRFSU	17:23	17:27	17:28	17:30	17:33	17:35	17:37
117026717	B	N	MTWRFSU	17:43	17:47	17:48	17:50	17:53	17:55	17:57
117026716	B	N	MTWRFSU	18:03	18:07	18:08	18:10	18:13	18:15	18:17
117026715	B	N	MTWRFSU	18:23	18:27	18:28	18:30	18:33	18:35	18:37
117026714	B	N	MTWRFSU	18:43	18:47	18:48	18:50	18:53	18:55	18:57
117026713	B	N	MTWRFSU	19:03	19:07	19:08	19:10	19:13	19:15	19:17
117026712	B	N	MTWRFSU	19:23	19:27	19:28	19:30	19:33	19:35	19:37
117026711	B	N	MTWRFSU	19:43	19:47	19:48	19:50	19:53	19:55	19:57
117026710	B	N	MTWRFSU	20:03	20:07	20:08	20:10	20:13	20:15	20:17
117026709	B	N	MTWRFSU	20:23	20:27	20:28	20:30	20:33	20:35	20:37
117026708	B	N	MTWRFSU	20:43	20:47	20:48	20:50	20:53	20:55	20:57
117026707	B	N	MTWRFSU	21:03	21:07	21:08	21:10	21:13	21:15	21:17
117026706	B	N	MTWRFSU	21:23	21:27	21:28	21:30	21:33	21:35	21:37
117026705	B	N	MTWRFSU	21:43	21:47	21:48	21:50	21:53	21:55	21:57
117026704	B	N	MTWRFSU	22:03	22:07	22:08	22:10	22:13	22:15	22:17
117026703	B	N	MTWRFSU	22:23	22:27	22:28	22:30	22:33	22:35	22:37
117026702	B	N	MTWRFSU	22:43	22:47	22:48	22:50	22:53	22:55	22:57
117026701	B	N	MTWRFSU	23:03	23:07	23:08	23:10	23:13	23:15	23:17
117026700	B	N	MTWRFSU	23:23	23:27	23:28	23:30	23:33	23:35	23:37
117026699	B	N	MTWRFSU	23:43	23:47	23:48	23:50	23:53	23:55	23:57
117026550	B	N	MTWRU	24:43	24:47	-	-	-	-	-
117026698	B	N	FS	25:53	25:57	25:58	26:00	26:03	26:05	26:07
117026697	B	N	SU	02:53	02:57	02:58	03:00	03:03	03:05	03:07
117026696	B	N	SU	03:53	03:57	03:58	04:00	04:03	04:05	04:07
117026695	B	N	SU	04:53	04:57	04:58	05:00	05:03	05:05	05:07
117026694	B	N	SU	05:53	05:57	05:58	06:00	06:03	06:05	06:07
117026693	B	N	MTWRF	06:13	06:17	06:18	06:20	06:23	06:25	06:27
117026692	B	N	MTWRF	06:33	06:37	06:38	06:40	06:43	06:45	06:47
117026691	B	N	MTWRF	06:53	06:57	06:58	07:00	07:03	07:05	07:07
117026690	B	N	MTWRF	07:13	07:17	07:18	07:20	07:23	07:25	07:27
117026689	B	N	MTWRF	07:33	07:37	07:38	07:40	07:43	07:45	07:47
117026688	B	N	MTWRF	07:53	07:57	07:58	08:00	08:03	08:05	08:07
117026687	B	N	MTWRF	08:13	08:17	08:18	08:20	08:23	08:25	08:27
117026686	B	N	MTWRF	08:33	08:37	08:38	08:40	08:43	08:45	08:47
117026685	B	N	MTWRF	08:53	08:57	08:58	09:00	09:03	09:05	09:07
117026684	B	N	MTWRF	09:13	09:17	09:18	09:20	09:23	09:25	09:27
117026683	B	N	MTWRF	09:33	09:37	09:38	09:40	09:43	09:45	09:47
117026682	B	N	MTWRF	09:53	09:57	09:58	10:00	10:03	10:05	10:07
117026580	B	N	SU	-	09:57	09:58	10:00	10:03	10:05	10:07
117026681	B	N	MTWRFSU	10:13	10:17	10:18	10:20	10:23	10:25	10:27
117026680	B	N	MTWRFSU	10:33	10:37	10:38	10:40	10:43	10:45	10:47
117026679	B	N	MTWRFSU	10:53	10:57	10:58	11:00	11:03	11:05	11:07
117026678	B	N	MTWRFSU	11:13	11:17	11:18	11:20	11:23	11:25	11:27
117026677	B	N	MTWRFSU	11:33	11:37	11:38	11:40	11:43	11:45	11:47
117026676	B	N	MTWRFSU	11:53	11:57	11:58	12:00	12:03	12:05	12:07
117026675	B	N	MTWRFSU	12:13	12:17	12:18	12:20	12:23	12:25	12:27
117026674	B	N	MTWRFSU	12:33	12:37	12:38	12:40	12:43	12:45	12:47
117026673	B	N	MTWRFSU	12:53	12:57	12:58	13:00	13:03	13:05	13:07
117026672	B	N	MTWRFSU	13:13	13:17	13:18	13:20	13:23	13:25	13:27
117026671	B	N	MTWRFSU	13:33	13:37	13:38	13:40	13:43	13:45	13:47
117026670	B	N	MTWRFSU	13:53	13:57	13:58	14:00	14:03	14:05	14:07
117026669	B	N	MTWRFSU	14:13	14:17	14:18	14:20	14:23	14:25	14:27
117026668	B	N	MTWRFSU	14:33	14:37	14:38	14:40	14:43	14:45	14:47
117026667	B	N	MTWRFSU	14:53	14:57	14:58	15:00	15:03	15:05	15:07
117026666	B	N	MTWRFSU	15:13	15:17	15:18	15:20	15:23	15:25	15:27
117026665	B	N	MTWRFSU	15:33	15:37	15:38	15:40	15:43	15:45	15:47
117026664	B	N	MTWRFSU	15:53	15:57	15:58	16:00	16:03	16:05	16:07
117026663	B	N	MTWRFSU	16:13	16:17	16:18	16:20	16:23	16:25	16:27
117026662	B	N	MTWRFSU	16:33	16:37	16:38	16:40	16:43	16:45	16:47
117026661	B	N	MTWRFSU	16:53	16:57	16:58	17:00	17:03	17:05	17:07
117026660	B	N	MTWRFSU	17:13	17:17	17:18	17:20	17:23	17:25	17:27
117026659	B	N	MTWRFSU	17:33	17:37	17:38	17:40	17:43	17:45	17:47
117026658	B	N	MTWRFSU	17:53	17:57	17:58	18:00	18:03	18:05	18:07
117026657	B	N	MTWRFSU	18:13	18:17	18:18	18:20	18:23	18:25	18:27
117026656	B	N	MTWRFSU	18:33	18:37	18:38	18:40	18:43	18:45	18:47
117026655	B	N	MTWRFSU	18:53	18:57	18:58	19:00	19:03	19:05	19:07
117026654	B	N	MTWRFS	19:13	19:17	19:18	19:20	19:23	19:25	19:27
117026653	B	N	FS	19:33	19:37	19:38	19:40	19:43	19:45	19:47
117026652	B	N	F	19:53	19:57	19:58	20:00	20:03	20:05	20:07
117026651	B	N	F	20:13	20:17	20:18	20:20	20:23	20:25	20:27
117026650	B	N	F	20:33	20:37	20:38	20:40	20:43	20:45	20:47
117027160	BX	S	MTWRF	07:51	07:49	07:46	07:44	07:42	07:39	07:37
117027159	BX	S	MTWRF	08:11	08:09	08:06	08:04	08:02	07:59	07:57
117027158	BX	S	MTWRF	08:31	08:29	08:26	08:24	08:22	08:19	08:17
117027157	BX	S	MTWRF	08:51	08:49	08:46	08:44	08:42	08:39	08:37
117027156	BX	S	MTWRF	09:11	09:09	09:06	09:04	09:02	08:59	08:57
117027155	BX	S	MTWRF	09:31	09:29	09:26	09:24	09:22	09:19	09:17
117027154	BX	S	MTWRF	14:51	14:49	14:46	14:44	14:42	14:39	14:37
117027153	BX	S	MTWRF	15:11	15:09	15:06	15:04	15:02	14:59	14:57
117027152	BX	S	MTWRF	15:31	15:29	15:26	15:24	15:22	15:19	15:17
117027151	BX	S	MTWRF	15:51	15:49	15:46	15:44	15:42	15:39	15:37
117027150	BX	S	MTWRF	16:11	16:09	16:06	16:04	16:02	15:59	15:57
117027149	BX	S	MTWRF	16:31	16:29	16:26	16:24	16:22	16:19	16:17
117027148	BX	S	MTWRF	16:51	16:49	16:46	16:44	16:42	16:39	16:37
117027147	BX	S	MTWRF	17:11	17:09	17:06	17:04	17:02	16:59	16:57
117027146	BX	S	MTWRF	-	09:49	09:46	09:44	09:42	09:39	09:37
117027145	BX	S	MTWRF	-	10:09	10:06	10:04	10:02	09:59	09:57
117027144	BX	S	MTWRF	-	17:29	17:26	17:24	17:22	17:19	17:17
117027143	BX	N	MTWRF	-	06:49	06:50	06:52	06:55	06:57	06:59
117027140	BX	N	MTWRF	07:05	07:09	07:10	07:12	07:15	07:17	07:19
117027139	BX	N	MTWRF	07:25	07:29	07:30	07:32	07:35	07:37	07:39
117027138	BX	N	MTWRF	07:45	07:49	07:50	07:52	07:55	07:57	07:59
117027137	BX	N	MTWRF	08:05	08:09	08:10	08:12	08:15	08:17	08:19
117027136	BX	N	MTWRF	08:25	08:29	08:30	08:32	08:35	08:37	08:39
117027135	BX	N	MTWRF	08:45	08:49	08:50	08:52	08:55	08:57	08:59
117027134	BX	N	MTWRF	09:05	09:09	09:10	09:12	09:15	09:17	09:19
117027142	BX	N	MTWRF	-	13:49	13:50	13:52	13:55	13:57	13:59
117027141	BX	N	MTWRF	-	14:09	14:10	14:12	14:15	14:17	14:19
117027133	BX	N	MTWRF	14:25	14:29	14:30	14:32	14:35	14:37	14:39
117027132	BX	N	MTWRF	14:45	14:49	14:50	14:52	14:55	14:57	14:59
117027131	BX	N	MTWRF	15:05	15:09	15:10	15:12	15:15	15:17	15:19
117027130	BX	N	MTWRF	15:25	15:29	15:30	15:32	15:35	15:37	15:39
117027129	BX	N	MTWRF	15:45	15:49	15:50	15:52	15:55	15:57	15:59
117027128	BX	N	MTWRF	16:05	16:09	16:10	16:12	16:15	16:17	16:19
117027127	BX	N	MTWRF	16:25	16:29	16:30	16:32	16:35	16:37	16:39
117027900	E	S	MTWRF	05:15	05:13	-	-	-	-	-
117027898	E	S	MTWRF	05:35	05:33	05:30	05:28	05:26	05:23	05:21
117027897	E	S	MTWRF	05:55	05:53	05:50	05:48	05:46	05:43	05:41
117027896	E	S	MTWRF	06:15	06:13	06:10	06:08	06:06	06:03	06:01
117027895	E	S	MTWRF	06:35	06:33	06:30	06:28	06:26	06:23	06:21
117027894	E	S	MTWRF	06:55	06:53	06:50	06:48	06:46	06:43	06:41
117027893	E	S	MTWRF	07:15	07:13	07:10	07:08	07:06	07:03	07:01
117027892	E	S	MTWRF	07:35	07:33	07:30	07:28	07:26	07:23	07:21
117027891	E	S	MTWRF	07:55	07:53	07:50	07:48	07:46	07:43	07:41
117027890	E	S	MTWRF	08:15	08:13	08:10	08:08	08:06	08:03	08:01
117027889	E	S	MTWRF	08:35	08:33	08:30	08:28	08:26	08:23	08:21
117027888	E	S	MTWRF	08:55	08:53	08:50	08:48	08:46	08:43	08:41
117027887	E	S	MTWRF	09:15	09:13	09:10	09:08	09:06	09:03	09:01
117027886	E	S	MTWRF	09:35	09:33	09:30	09:28	09:26	09:23	09:21
117027885	E	S	MTWRF	09:55	09:53	09:50	09:48	09:46	09:43	09:41
117027884	E	S	MTWRF	10:15	10:13	10:10	10:08	10:06	10:03	10:01
117027883	E	S	MTWRF	10:35	10:33	10:30	10:28	10:26	10:23	10:21
117027882	E	S	MTWRF	10:55	10:53	10:50	10:48	10:46	10:43	10:41
117027881	E	S	MTWRF	11:15	11:13	11:10	11:08	11:06	11:03	11:01
117027880	E	S	MTWRF	11:35	11:33	11:30	11:28	11:26	11:23	11:21
117027879	E	S	MTWRF	11:55	11:53	11:50	11:48	11:46	11:43	11:41
117027878	E	S	MTWRF	12:15	12:13	12:10	12:08	12:06	12:03	12:01
117027877	E	S	MTWRF	12:35	12:33	12:30	12:28	12:26	12:23	12:21
117027876	E	S	MTWRF	12:55	12:53	12:50	12:48	12:46	12:43	12:41
117027875	E	S	MTWRF	13:15	13:13	13:10	13:08	13:06	13:03	13:01
117027874	E	S	MTWRF	13:35	13:33	13:30	13:28	13:26	13:23	13:21
117027873	E	S	MTWRF	13:55	13:53	13:50	13:48	13:46	13:43	13:41
117027872	E	S	MTWRF	14:15	14:13	14:10	14:08	14:06	14:03	14:01
117027871	E	S	MTWRF	14:35	14:33	14:30	14:28	14:26	14:23	14:21
117027870	E	S	MTWRF	14:55	14:53	14:50	14:48	14:46	14:43	14:41
117027869	E	S	MTWRF	15:15	15:13	15:10	15:08	15:06	15:03	15:01
117027868	E	S	MTWRF	15:35	15:33	15:30	15:28	15:26	15:23	15:21
117027867	E	S	MTWRF	15:55	15:53	15:50	15:48	15:46	15:43	15:41
117027866	E	S	MTWRF	16:15	16:13	16:10	16:08	16:06	16:03	16:01
117027865	E	S	MTWRF	16:35	16:33	16:30	16:28	16:26	16:23	16:21
117027864	E	S	MTWRF	16:55	16:53	16:50	16:48	16:46	16:43	16:41
117027863	E	S	MTWRF	17:15	17:13	17:10	17:08	17:06	17:03	17:01
117027862	E	S	MTWRF	17:35	17:33	17:30	17:28	17:26	17:23	17:21
117027861	E	S	MTWRF	17:55	17:53	17:50	17:48	17:46	17:43	17:41
117027860	E	S	MTWRF	18:15	18:13	18:10	18:08	18:06	18:03	18:01
117027859	E	S	MTWRF	18:35	18:33	18:30	18:28	18:26	18:23	18:21
117027858	E	S	MTWRF	18:55	18:53	18:50	18:48	18:46	18:43	18:41
117027857	E	S	MTWRF	19:15	19:13	19:10	19:08	19:06	19:03	19:01
117027856	E	S	MTWRF	19:35	19:33	19:30	19:28	19:26	19:23	19:21
117027816	E	S	MTWR	-	19:53	19:50	19:48	19:46	19:43	19:41
117027899	E	S	MTWRF	06:25	06:23	-	-	-	-	-
117027855	E	S	MTWRF	06:45	06:43	06:40	06:38	06:36	06:33	06:31
117027854	E	S	MTWRF	07:05	07:03	07:00	06:58	06:56	06:53	06:51
117027853	E	S	MTWRF	07:25	07:23	07:20	07:18	07:16	07:13	07:11
117027852	E	S	MTWRF	07:45	07:43	07:40	07:38	07:36	07:33	07:31
117027851	E	S	MTWRF	08:05	08:03	08:00	07:58	07:56	07:53	07:51
117027850	E	S	MTWRF	08:25	08:23	08:20	08:18	08:16	08:13	08:11
117027849	E	S	MTWRF	08:45	08:43	08:40	08:38	08:36	08:33	08:31
117027848	E	S	MTWRF	09:05	09:03	09:00	08:58	08:56	08:53	08:51
117027847	E	S	MTWRF	09:25	09:23	09:20	09:18	09:16	09:13	09:11
117027846	E	S	MTWRF	09:45	09:43	09:40	09:38	09:36	09:33	09:31
117027845	E	S	MTWRF	10:05	10:03	10:00	09:58	09:56	09:53	09:51
117027844	E	S	MTWRF	10:25	10:23	10:20	10:18	10:16	10:13	10:11
117027843	E	S	MTWRF	10:45	10:43	10:40	10:38	10:36	10:33	10:31
117027842	E	S	MTWRF	11:05	11:03	11:00	10:58	10:56	10:53	10:51
117027841	E	S	MTWRF	11:25	11:23	11:20	11:18	11:16	11:13	11:11
117027840	E	S	MTWRF	11:45	11:43	11:40	11:38	11:36	11:33	11:31
117027839	E	S	MTWRF	12:05	12:03	12:00	11:58	11:56	11:53	11:51
117027838	E	S	MTWRF	12:25	12:23	12:20	12:18	12:16	12:13	12:11
117027837	E	S	MTWRF	12:45	12:43	12:40	12:38	12:36	12:33	12:31
117027836	E	S	MTWRF	13:05	13:03	13:00	12:58	12:56	12:53	12:51
117027835	E	S	MTWRF	13:25	13:23	13:20	13:18	13:16	13:13	13:11
117027834	E	S	MTWRF	13:45	13:43	13:40	13:38	13:36	13:33	13:31
117027833	E	S	MTWRF	14:05	14:03	14:00	13:58	13:56	13:53	13:51
117027832	E	S	MTWRF	14:25	14:23	14:20	14:18	14:16	14:13	14:11
117027831	E	S	MTWRF	14:45	14:43	14:40	14:38	14:36	14:33	14:31
117027830	E	S	MTWRF	15:05	15:03	15:00	14:58	14:56	14:53	14:51
117027829	E	S	MTWRF	15:25	15:23	15:20	15:18	15:16	15:13	15:11
117027828	E	S	MTWRF	15:45	15:43	15:40	15:38	15:36	15:33	15:31
117027827	E	S	MTWRF	16:05	16:03	16:00	15:58	15:56	15:53	15:51
117027826	E	S	MTWRF	16:25	16:23	16:20	16:18	16:16	16:13	16:11
117027825	E	S	MTWRF	16:45	16:43	16:40	16:38	16:36	16:33	16:31
117027824	E	S	MTWRF	17:05	17:03	17:00	16:58	16:56	16:53	16:51
117027823	E	S	MTWRF	17:25	17:23	17:20	17:18	17:16	17:13	17:11
117027822	E	S	MTWRF	17:45	17:43	17:40	17:38	17:36	17:33	17:31
117027821	E	S	MTWRF	18:05	18:03	18:00	17:58	17:56	17:53	17:51
117027820	E	S	MTWRF	18:25	18:23	18:20	18:18	18:16	18:13	18:11
117027819	E	S	MTWRF	18:45	18:43	18:40	18:38	18:36	18:33	18:31
117027818	E	S	MTWRF	19:05	19:03	19:00	18:58	18:56	18:53	18:51
117027817	E	S	F	19:25	19:23	19:20	19:18	19:16	19:13	19:11
117027815	E	S	MTWRF	-	19:43	19:40	19:38	19:36	19:33	19:31
117027814	E	S	MTWR	19:25	19:23	19:20	19:18	19:16	19:13	19:11
117027813	E	N	MTWRF	-	05:05	05:06	05:08	05:11	05:13	05:15
117027810	E	N	MTWRF	05:21	05:25	05:26	05:28	05:31	05:33	05:35
117027809	E	N	MTWRF	05:41	05:45	05:46	05:48	05:51	05:53	05:55
117027808	E	N	MTWRF	06:01	06:05	06:06	06:08	06:11	06:13	06:15
117027807	E	N	MTWRF	06:21	06:25	06:26	06:28	06:31	06:33	06:35
117027806	E	N	MTWRF	06:41	06:45	06:46	06:48	06:51	06:53	06:55
117027805	E	N	MTWRF	07:01	07:05	07:06	07:08	07:11	07:13	07:15
117027804	E	N	MTWRF	07:21	07:25	07:26	07:28	07:31	07:33	07:35
117027803	E	N	MTWRF	07:41	07:45	07:46	07:48	07:51	07:53	07:55
117027802	E	N	MTWRF	08:01	08:05	08:06	08:08	08:11	08:13	08:15
117027801	E	N	MTWRF	08:21	08:25	08:26	08:28	08:31	08:33	08:35
117027800	E	N	MTWRF	08:41	08:45	08:46	08:48	08:51	08:53	08:55
117027799	E	N	MTWRF	09:01	09:05	09:06	09:08	09:11	09:13	09:15
117027798	E	N	MTWRF	09:21	09:25	09:26	09:28	09:31	09:33	09:35
117027797	E	N	MTWRF	09:41	09:45	09:46	09:48	09:51	09:53	09:55
117027796	E	N	MTWRF	10:01	10:05	10:06	10:08	10:11	10:13	10:15
117027795	E	N	MTWRF	10:21	10:25	10:26	10:28	10:31	10:33	10:35
117027794	E	N	MTWRF	10:41	10:45	10:46	10:48	10:51	10:53	10:55
117027793	E	N	MTWRF	11:01	11:05	11:06	11:08	11:11	11:13	11:15
117027792	E	N	MTWRF	11:21	11:25	11:26	11:28	11:31	11:33	11:35
117027791	E	N	MTWRF	11:41	11:45	11:46	11:48	11:51	11:53	11:55
117027790	E	N	MTWRF	12:01	12:05	12:06	12:08	12:11	12:13	12:15
117027789	E	N	MTWRF	12:21	12:25	12:26	12:28	12:31	12:33	12:35
117027788	E	N	MTWRF	12:41	12:45	12:46	12:48	12:51	12:53	12:55
117027787	E	N	MTWRF	13:01	13:05	13:06	13:08	13:11	13:13	13:15
117027786	E	N	MTWRF	13:21	13:25	13:26	13:28	13:31	13:33	13:35
117027785	E	N	MTWRF	13:41	13:45	13:46	13:48	13:51	13:53	13:55
117027784	E	N	MTWRF	14:01	14:05	14:06	14:08	14:11	14:13	14:15
117027783	E	N	MTWRF	14:21	14:25	14:26	14:28	14:31	14:33	14:35
117027782	E	N	MTWRF	14:41	14:45	14:46	14:48	14:51	14:53	14:55
117027781	E	N	MTWRF	15:01	15:05	15:06	15:08	15:11	15:13	15:15
117027780	E	N	MTWRF	15:21	15:25	15:26	15:28	15:31	15:33	15:35
117027779	E	N	MTWRF	15:41	15:45	15:46	15:48	15:51	15:53	15:55
117027778	E	N	MTWRF	16:01	16:05	16:06	16:08	16:11	16:13	16:15
117027777	E	N	MTWRF	16:21	16:25	16:26	16:28	16:31	16:33	16:35
117027776	E	N	MTWRF	16:41	16:45	16:46	16:48	16:51	16:53	16:55
117027775	E	N	MTWRF	17:01	17:05	17:06	17:08	17:11	17:13	17:15
117027774	E	N	MTWRF	17:21	17:25	17:26	17:28	17:31	17:33	17:35
117027773	E	N	MTWRF	17:41	17:45	17:46	17:48	17:51	17:53	17:55
117027772	E	N	MTWRF	18:01	18:05	18:06	18:08	18:11	18:13	18:15
117027771	E	N	MTWRF	18:21	18:25	18:26	18:28	18:31	18:33	18:35
117027770	E	N	MTWRF	18:41	18:45	18:46	18:48	18:51	18:53	18:55
117027769	E	N	MTWRF	19:01	19:05	19:06	19:08	19:11	19:13	19:15
117027768	E	N	MTWRF	19:21	19:25	19:26	19:28	19:31	19:33	19:35
117027730	E	N	MTWR	19:41	19:45	-	-	-	-	-
117027812	E	N	MTWRF	-	05:55	05:56	05:58	06:01	06:03	06:05
117027811	E	N	MTWRF	-	06:15	06:16	06:18	06:21	06:23	06:25
117027767	E	N	MTWRF	06:31	06:35	06:36	06:38	06:41	06:43	06:45
117027766	E	N	MTWRF	06:51	06:55	06:56	06:58	07:01	07:03	07:05
117027765	E	N	MTWRF	07:11	07:15	07:16	07:18	07:21	07:23	07:25
117027764	E	N	MTWRF	07:31	07:35	07:36	07:38	07:41	07:43	07:45
117027763	E	N	MTWRF	07:51	07:55	07:56	07:58	08:01	08:03	08:05
117027762	E	N	MTWRF	08:11	08:15	08:16	08:18	08:21	08:23	08:25
117027761	E	N	MTWRF	08:31	08:35	08:36	08:38	08:41	08:43	08:45
117027760	E	N	MTWRF	08:51	08:55	08:56	08:58	09:01	09:03	09:05
117027759	E	N	MTWRF	09:11	09:15	09:16	09:18	09:21	09:23	09:25
117027758	E	N	MTWRF	09:31	09:35	09:36	09:38	09:41	09:43	09:45
117027757	E	N	MTWRF	09:51	09:55	09:56	09:58	10:01	10:03	10:05
117027756	E	N	MTWRF	10:11	10:15	10:16	10:18	10:21	10:23	10:25
117027755	E	N	MTWRF	10:31	10:35	10:36	10:38	10:41	10:43	10:45
117027754	E	N	MTWRF	10:51	10:55	10:56	10:58	11:01	11:03	11:05
117027753	E	N	MTWRF	11:11	11:15	11:16	11:18	11:21	11:23	11:25
117027752	E	N	MTWRF	11:31	11:35	11:36	11:38	11:41	11:43	11:45
117027751	E	N	MTWRF	11:51	11:55	11:56	11:58	12:01	12:03	12:05
117027750	E	N	MTWRF	12:11	12:15	12:16	12:18	12:21	12:23	12:25
117027749	E	N	MTWRF	12:31	12:35	12:36	12:38	12:41	12:43	12:45
117027748	E	N	MTWRF	12:51	12:55	12:56	12:58	13:01	13:03	13:05
117027747	E	N	MTWRF	13:11	13:15	13:16	13:18	13:21	13:23	13:25
117027746	E	N	MTWRF	13:31	13:35	13:36	13:38	13:41	13:43	13:45
117027745	E	N	MTWRF	13:51	13:55	13:56	13:58	14:01	14:03	14:05
117027744	E	N	MTWRF	14:11	14:15	14:16	14:18	14:21	14:23	14:25
117027743	E	N	MTWRF	14:31	14:35	14:36	14:38	14:41	14:43	14:45
117027742	E	N	MTWRF	14:51	14:55	14:56	14:58	15:01	15:03	15:05
117027741	E	N	MTWRF	15:11	15:15	15:16	15:18	15:21	15:23	15:25
117027740	E	N	MTWRF	15:31	15:35	15:36	15:38	15:41	15:43	15:45
117027739	E	N	MTWRF	15:51	15:55	15:56	15:58	16:01	16:03	16:05
117027738	E	N	MTWRF	16:11	16:15	16:16	16:18	16:21	16:23	16:25
117027737	E	N	MTWRF	16:31	16:35	16:36	16:38	16:41	16:43	16:45
117027736	E	N	MTWRF	16:51	16:55	16:56	16:58	17:01	17:03	17:05
117027735	E	N	MTWRF	17:11	17:15	17:16	17:18	17:21	17:23	17:25
117027734	E	N	MTWRF	17:31	17:35	17:36	17:38	17:41	17:43	17:45
117027733	E	N	MTWRF	17:51	17:55	17:56	17:58	18:01	18:03	18:05
117027732	E	N	MTWRF	18:11	18:15	18:16	18:18	18:21	18:23	18:25
117027731	E	N	MTWRF	18:31	18:35	18:36	18:38	18:41	18:43	18:45
117027729	E	N	MTWR	18:51	18:55	-	-	-	-	-
117027726	C	S	MTWRF	05:29	05:27	05:24	05:22	05:20	05:17	05:15
117027725	C	S	MTWRF	05:49	05:47	05:44	05:42	05:40	05:37	05:35
117027724	C	S	MTWRF	06:09	06:07	06:04	06:02	06:00	05:57	05:55
117027723	C	S	MTWRF	06:29	06:27	06:24	06:22	06:20	06:17	06:15
117027722	C	S	MTWRF	06:49	06:47	06:44	06:42	06:40	06:37	06:35
117027721	C	S	MTWRF	07:09	07:07	07:04	07:02	07:00	06:57	06:55
117027720	C	S	MTWRF	07:29	07:27	07:24	07:22	07:20	07:17	07:15
117027719	C	S	MTWRF	07:49	07:47	07:44	07:42	07:40	07:37	07:35
117027718	C	S	MTWRF	08:09	08:07	08:04	08:02	08:00	07:57	07:55
117027717	C	S	MTWRF	08:29	08:27	08:24	08:22	08:20	08:17	08:15
117027716	C	S	MTWRF	08:49	08:47	08:44	08:42	08:40	08:37	08:35
117027715	C	S	MTWRF	09:09	09:07	09:04	09:02	09:00	08:57	08:55
117027714	C	S	MTWRF	09:29	09:27	09:24	09:22	09:20	09:17	09:15
117027713	C	S	MTWRF	09:49	09:47	09:44	09:42	09:40	09:37	09:35
117027712	C	S	MTWRF	10:09	10:07	10:04	10:02	10:00	09:57	09:55
117027711	C	S	MTWRF	10:29	10:27	10:24	10:22	10:20	10:17	10:15
117027710	C	S	MTWRF	10:49	10:47	10:44	10:42	10:40	10:37	10:35
117027709	C	S	MTWRF	11:09	11:07	11:04	11:02	11:00	10:57	10:55
117027708	C	S	MTWRF	11:29	11:27	11:24	11:22	11:20	11:17	11:15
117027707	C	S	MTWRF	11:49	11:47	11:44	11:42	11:40	11:37	11:35
117027706	C	S	MTWRF	12:09	12:07	12:04	12:02	12:00	11:57	11:55
117027705	C	S	MTWRF	12:29	12:27	12:24	12:22	12:20	12:17	12:15
117027704	C	S	MTWRF	12:49	12:47	12:44	12:42	12:40	12:37	12:35
117027703	C	S	MTWRF	13:09	13:07	13:04	13:02	13:00	12:57	12:55
117027702	C	S	MTWRF	13:29	13:27	13:24	13:22	13:20	13:17	13:15
117027701	C	S	MTWRF	13:49	13:47	13:44	13:42	13:40	13:37	13:35
117027700	C	S	MTWRF	14:09	14:07	14:04	14:02	14:00	13:57	13:55
117027699	C	S	MTWRF	14:29	14:27	14:24	14:22	14:20	14:17	14:15
117027698	C	S	MTWRF	14:49	14:47	14:44	14:42	14:40	14:37	14:35
117027697	C	S	MTWRF	15:09	15:07	15:04	15:02	15:00	14:57	14:55
117027696	C	S	MTWRF	15:29	15:27	15:24	15:22	15:20	15:17	15:15
117027695	C	S	MTWRF	15:49	15:47	15:44	15:42	15:40	15:37	15:35
117027694	C	S	MTWRF	16:09	16:07	16:04	16:02	16:00	15:57	15:55
117027693	C	S	MTWRF	16:29	16:27	16:24	16:22	16:20	16:17	16:15
117027692	C	S	MTWRF	16:49	16:47	16:44	16:42	16:40	16:37	16:35
117027691	C	S	MTWRF	17:09	17:07	17:04	17:02	17:00	16:57	16:55
117027690	C	S	MTWRF	17:29	17:27	17:24	17:22	17:20	17:17	17:15
117027689	C	S	MTWRF	17:49	17:47	17:44	17:42	17:40	17:37	17:35
117027688	C	S	MTWRF	18:09	18:07	18:04	18:02	18:00	17:57	17:55
117027687	C	S	MTWRF	05:39	05:37	-	-	-	-	-
117027686	C	S	MTWRF	05:59	05:57	-	-	-	-	-
117027685	C	S	MTWRF	06:19	06:17	06:14	06:12	06:10	06:07	06:05
117027684	C	S	MTWRF	06:39	06:37	06:34	06:32	06:30	06:27	06:25
117027683	C	S	MTWRF	06:59	06:57	06:54	06:52	06:50	06:47	06:45
117027682	C	S	MTWRF	07:19	07:17	07:14	07:12	07:10	07:07	07:05
117027681	C	S	MTWRF	07:39	07:37	07:34	07:32	07:30	07:27	07:25
117027680	C	S	MTWRF	07:59	07:57	07:54	07:52	07:50	07:47	07:45
117027679	C	S	MTWRF	08:19	08:17	08:14	08:12	08:10	08:07	08:05
117027678	C	S	MTWRF	08:39	08:37	08:34	08:32	08:30	08:27	08:25
117027677	C	S	MTWRF	08:59	08:57	08:54	08:52	08:50	08:47	08:45
117027676	C	S	MTWRF	09:19	09:17	09:14	09:12	09:10	09:07	09:05
117027675	C	S	MTWRF	09:39	09:37	09:34	09:32	09:30	09:27	09:25
117027674	C	S	MTWRF	09:59	09:57	09:54	09:52	09:50	09:47	09:45
117027673	C	S	MTWRF	10:19	10:17	10:14	10:12	10:10	10:07	10:05
117027672	C	S	MTWRF	10:39	10:37	10:34	10:32	10:30	10:27	10:25
117027671	C	S	MTWRF	10:59	10:57	10:54	10:52	10:50	10:47	10:45
117027670	C	S	MTWRF	11:19	11:17	11:14	11:12	11:10	11:07	11:05
117027669	C	S	MTWRF	11:39	11:37	11:34	11:32	11:30	11:27	11:25
117027668	C	S	MTWRF	11:59	11:57	11:54	11:52	11:50	11:47	11:45
117027667	C	S	MTWRF	12:19	12:17	12:14	12:12	12:10	12:07	12:05
117027666	C	S	MTWRF	12:39	12:37	12:34	12:32	12:30	12:27	12:25
117027665	C	S	MTWRF	12:59	12:57	12:54	12:52	12:50	12:47	12:45
117027664	C	S	MTWRF	13:19	13:17	13:14	13:12	13:10	13:07	13:05
117027663	C	S	MTWRF	13:39	13:37	13:34	13:32	13:30	13:27	13:25
117027662	C	S	MTWRF	13:59	13:57	13:54	13:52	13:50	13:47	13:45
117027661	C	S	MTWRF	14:19	14:17	14:14	14:12	14:10	14:07	14:05
117027660	C	S	MTWRF	14:39	14:37	14:34	14:32	14:30	14:27	14:25
117027659	C	S	MTWRF	14:59	14:57	14:54	14:52	14:50	14:47	14:45
117027658	C	S	MTWRF	15:19	15:17	15:14	15:12	15:10	15:07	15:05
117027657	C	S	MTWRF	15:39	15:37	15:34	15:32	15:30	15:27	15:25
117027656	C	S	MTWRF	15:59	15:57	15:54	15:52	15:50	15:47	15:45
117027655	C	S	MTWRF	16:19	16:17	16:14	16:12	16:10	16:07	16:05
117027654	C	S	MTWRF	16:39	16:37	16:34	16:32	16:30	16:27	16:25
117027653	C	S	MTWRF	16:59	16:57	16:54	16:52	16:50	16:47	16:45
117027652	C	S	MTWRF	17:19	17:17	17:14	17:12	17:10	17:07	17:05
117027651	C	S	MTWRF	17:39	17:37	17:34	17:32	17:30	17:27	17:25
117027650	C	S	MTWRF	17:59	17:57	17:54	17:52	17:50	17:47	17:45
117027649	C	S	MTWRF	18:19	18:17	18:14	18:12	18:10	18:07	18:05
117027648	C	S	MTWRF	18:39	18:37	18:34	18:32	18:30	18:27	18:25
117027647	C	S	MTWRF	18:59	18:57	18:54	18:52	18:50	18:47	18:45
117027646	C	S	MTWRF	19:19	19:17	19:14	19:12	19:10	19:07	19:05
117027645	C	S	F	19:39	19:37	19:34	19:32	19:30	19:27	19:25
117027644	C	S	F	19:59	19:57	19:54	19:52	19:50	19:47	19:45
117027643	C	S	F	20:19	20:17	20:14	20:12	20:10	20:07	20:05
117027642	C	S	F	20:39	20:37	20:34	20:32	20:30	20:27	20:25
117027640	C	S	MTWR	-	19:37	19:34	19:32	19:30	19:27	19:25
117027639	C	S	MTWR	-	19:57	19:54	19:52	19:50	19:47	19:45
117027638	C	S	MTWR	-	20:17	20:14	20:12	20:10	20:07	20:05
117027630	C	S	MTWRFSU	24:11	24:09	24:06	24:04	24:02	23:59	23:57
117027629	C	S	MTWRFSU	24:31	24:29	24:26	24:24	24:22	24:19	24:17
117027628	C	S	FS	24:51	24:49	24:46	24:44	24:42	24:39	24:37
117027627	C	S	FS	25:11	25:09	25:06	25:04	25:02	24:59	24:57
117027626	C	S	SU	07:11	07:09	07:06	07:04	07:02	06:59	06:57
117027625	C	S	SU	08:11	08:09	08:06	08:04	08:02	07:59	07:57
117027624	C	S	SU	08:31	08:29	08:26	08:24	08:22	08:19	08:17
117027623	C	S	SU	08:51	08:49	08:46	08:44	08:42	08:39	08:37
117027622	C	S	SU	09:11	09:09	09:06	09:04	09:02	08:59	08:57
117027621	C	S	SU	09:31	09:29	09:26	09:24	09:22	09:19	09:17
117027620	C	S	SU	09:51	09:49	09:46	09:44	09:42	09:39	09:37
117027619	C	S	SU	10:11	10:09	10:06	10:04	10:02	09:59	09:57
117027618	C	S	SU	10:31	10:29	10:26	10:24	10:22	10:19	10:17
117027617	C	S	SU	10:51	10:49	10:46	10:44	10:42	10:39	10:37
117027616	C	S	SU	11:11	11:09	11:06	11:04	11:02	10:59	10:57
117027615	C	S	SU	11:31	11:29	11:26	11:24	11:22	11:19	11:17
117027614	C	S	SU	11:51	11:49	11:46	11:44	11:42	11:39	11:37
117027613	C	S	SU	12:11	12:09	12:06	12:04	12:02	11:59	11:57
117027612	C	S	SU	12:31	12:29	12:26	12:24	12:22	12:19	12:17
117027611	C	S	SU	12:51	12:49	12:46	12:44	12:42	12:39	12:37
117027610	C	S	SU	13:11	13:09	13:06	13:04	13:02	12:59	12:57
117027609	C	S	SU	13:31	13:29	13:26	13:24	13:22	13:19	13:17
117027608	C	S	SU	13:51	13:49	13:46	13:44	13:42	13:39	13:37
117027607	C	S	SU	14:11	14:09	14:06	14:04	14:02	13:59	13:57
117027606	C	S	SU	14:31	14:29	14:26	14:24	14:22	14:19	14:17
117027605	C	S	SU	14:51	14:49	14:46	14:44	14:42	14:39	14:37
117027604	C	S	SU	15:11	15:09	15:06	15:04	15:02	14:59	14:57
117027603	C	S	SU	15:31	15:29	15:26	15:24	15:22	15:19	15:17
117027602	C	S	SU	15:51	15:49	15:46	15:44	15:42	15:39	15:37
117027601	C	S	SU	16:11	16:09	16:06	16:04	16:02	15:59	15:57
117027600	C	S	SU	16:31	16:29	16:26	16:24	16:22	16:19	16:17
117027599	C	S	SU	16:51	16:49	16:46	16:44	16:42	16:39	16:37
117027598	C	S	SU	17:11	17:09	17:06	17:04	17:02	16:59	16:57
117027597	C	S	SU	17:31	17:29	17:26	17:24	17:22	17:19	17:17
117027596	C	S	SU	17:51	17:49	17:46	17:44	17:42	17:39	17:37
117027595	C	S	SU	18:11	18:09	18:06	18:04	18:02	17:59	17:57
117027594	C	S	MTWRFSU	18:31	18:29	18:26	18:24	18:22	18:19	18:17
117027593	C	S	MTWRFSU	18:51	18:49	18:46	18:44	18:42	18:39	18:37
117027592	C	S	MTWRFSU	19:11	19:09	19:06	19:04	19:02	18:59	18:57
117027591	C	S	MTWRFSU	19:31	19:29	19:26	19:24	19:22	19:19	19:17
117027590	C	S	MTWRFSU	19:51	19:49	19:46	19:44	19:42	19:39	19:37
117027589	C	S	MTWRFSU	20:11	20:09	20:06	20:04	20:02	19:59	19:57
117027588	C	S	MTWRFSU	20:31	20:29	20:26	20:24	20:22	20:19	20:17
117027587	C	S	MTWRFSU	20:51	20:49	20:46	20:44	20:42	20:39	20:37
117027586	C	S	MTWRFSU	21:11	21:09	21:06	21:04	21:02	20:59	20:57
117027585	C	S	MTWRFSU	21:31	21:29	21:26	21:24	21:22	21:19	21:17
117027584	C	S	MTWRFSU	21:51	21:49	21:46	21:44	21:42	21:39	21:37
117027583	C	S	MTWRFSU	22:11	22:09	22:06	22:04	22:02	21:59	21:57
117027582	C	S	MTWRFSU	22:31	22:29	22:26	22:24	22:22	22:19	22:17
117027581	C	S	MTWRFSU	22:51	22:49	22:46	22:44	22:42	22:39	22:37
117027580	C	S	MTWRFSU	23:11	23:09	23:06	23:04	23:02	22:59	22:57
117027579	C	S	MTWRFSU	23:31	23:29	23:26	23:24	23:22	23:19	23:17
117027578	C	S	MTWRFSU	23:51	23:49	23:46	23:44	23:42	23:39	23:37
117027637	C	S	MTWRU	-	24:49	24:46	24:44	24:42	24:39	24:37
117027575	C	S	SU	07:41	07:39	07:36	07:34	07:32	07:29	07:27
117027505	C	S	SU	10:01	09:59	-	-	-	-	-
117027574	C	S	SU	10:21	10:19	10:16	10:14	10:12	10:09	10:07
117027573	C	S	SU	10:41	10:39	10:36	10:34	10:32	10:29	10:27
117027572	C	S	SU	11:01	10:59	10:56	10:54	10:52	10:49	10:47
117027571	C	S	SU	11:21	11:19	11:16	11:14	11:12	11:09	11:07
117027570	C	S	SU	11:41	11:39	11:36	11:34	11:32	11:29	11:27
117027569	C	S	SU	12:01	11:59	11:56	11:54	11:52	11:49	11:47
117027568	C	S	SU	12:21	12:19	12:16	12:14	12:12	12:09	12:07
117027567	C	S	SU	12:41	12:39	12:36	12:34	12:32	12:29	12:27
117027566	C	S	SU	13:01	12:59	12:56	12:54	12:52	12:49	12:47
117027565	C	S	SU	13:21	13:19	13:16	13:14	13:12	13:09	13:07
117027564	C	S	SU	13:41	13:39	13:36	13:34	13:32	13:29	13:27
117027563	C	S	SU	14:01	13:59	13:56	13:54	13:52	13:49	13:47
117027562	C	S	SU	14:21	14:19	14:16	14:14	14:12	14:09	14:07
117027561	C	S	SU	14:41	14:39	14:36	14:34	14:32	14:29	14:27
117027560	C	S	SU	15:01	14:59	14:56	14:54	14:52	14:49	14:47
117027559	C	S	SU	15:21	15:19	15:16	15:14	15:12	15:09	15:07
117027558	C	S	SU	15:41	15:39	15:36	15:34	15:32	15:29	15:27
117027557	C	S	SU	16:01	15:59	15:56	15:54	15:52	15:49	15:47
117027556	C	S	SU	16:21	16:19	16:16	16:14	16:12	16:09	16:07
117027555	C	S	SU	16:41	16:39	16:36	16:34	16:32	16:29	16:27
117027554	C	S	SU	17:01	16:59	16:56	16:54	16:52	16:49	16:47
117027553	C	S	SU	17:21	17:19	17:16	17:14	17:12	17:09	17:07
117027552	C	S	SU	17:41	17:39	17:36	17:34	17:32	17:29	17:27
117027551	C	S	SU	18:01	17:59	17:56	17:54	17:52	17:49	17:47
117027550	C	S	SU	18:21	18:19	18:16	18:14	18:12	18:09	18:07
117027549	C	S	SU	18:41	18:39	18:36	18:34	18:32	18:29	18:27
117027548	C	S	SU	19:01	18:59	18:56	18:54	18:52	18:49	18:47
117027547	C	S	S	19:21	19:19	19:16	19:14	19:12	19:09	19:07
117027546	C	S	S	19:41	19:39	19:36	19:34	19:32	19:29	19:27
117027632	C	S	U	-	19:19	19:16	19:14	19:12	19:09	19:07
117027504	C	S	FS	26:11	26:09	26:06	26:04	26:02	25:59	25:57
117027503	C	S	SU	03:11	03:09	03:06	03:04	03:02	02:59	02:57
117027502	C	S	SU	04:11	04:09	04:06	04:04	04:02	03:59	03:57
117027501	C	S	SU	05:11	05:09	05:06	05:04	05:02	04:59	04:57
117027500	C	S	SU	06:11	06:09	06:06	06:04	06:02	05:59	05:57
117027499	C	S	FS	25:41	25:39	25:36	25:34	25:32	25:29	25:27
117027498	C	S	SU	02:41	02:39	02:36	02:34	02:32	02:29	02:27
117027497	C	S	SU	03:41	03:39	03:36	03:34	03:32	03:29	03:27
117027496	C	S	SU	04:41	04:39	04:36	04:34	04:32	04:29	04:27
117027495	C	S	SU	05:41	05:39	05:36	05:34	05:32	05:29	05:27
117027494	C	S	SU	06:41	06:39	06:36	06:34	06:32	06:29	06:27
117027631	C	S	FS	-	25:59	25:56	25:54	25:52	25:49	25:47
117027430	C	N	MTWRF	-	04:51	04:52	04:54	04:57	04:59	05:01
117027429	C	N	MTWRF	-	05:11	05:12	05:14	05:17	05:19	05:21
117027428	C	N	MTWRF	-	05:31	05:32	05:34	05:37	05:39	05:41
117027427	C	N	MTWRF	-	05:51	05:52	05:54	05:57	05:59	06:01
117027426	C	N	MTWRF	-	06:11	06:12	06:14	06:17	06:19	06:21
117027422	C	N	MTWRF	06:27	06:31	06:32	06:34	06:37	06:39	06:41
117027421	C	N	MTWRF	06:47	06:51	06:52	06:54	06:57	06:59	07:01
117027420	C	N	MTWRF	07:07	07:11	07:12	07:14	07:17	07:19	07:21
117027419	C	N	MTWRF	07:27	07:31	07:32	07:34	07:37	07:39	07:41
117027418	C	N	MTWRF	07:47	07:51	07:52	07:54	07:57	07:59	08:01
117027417	C	N	MTWRF	08:07	08:11	08:12	08:14	08:17	08:19	08:21
117027416	C	N	MTWRF	08:27	08:31	08:32	08:34	08:37	08:39	08:41
117027415	C	N	MTWRF	08:47	08:51	08:52	08:54	08:57	08:59	09:01
117027414	C	N	MTWRF	09:07	09:11	09:12	09:14	09:17	09:19	09:21
117027413	C	N	MTWRF	09:27	09:31	09:32	09:34	09:37	09:39	09:41
117027412	C	N	MTWRF	09:47	09:51	09:52	09:54	09:57	09:59	10:01
117027411	C	N	MTWRF	10:07	10:11	10:12	10:14	10:17	10:19	10:21
117027410	C	N	MTWRF	10:27	10:31	10:32	10:34	10:37	10:39	10:41
117027409	C	N	MTWRF	10:47	10:51	10:52	10:54	10:57	10:59	11:01
117027408	C	N	MTWRF	11:07	11:11	11:12	11:14	11:17	11:19	11:21
117027407	C	N	MTWRF	11:27	11:31	11:32	11:34	11:37	11:39	11:41
117027406	C	N	MTWRF	11:47	11:51	11:52	11:54	11:57	11:59	12:01
117027405	C	N	MTWRF	12:07	12:11	12:12	12:14	12:17	12:19	12:21
117027404	C	N	MTWRF	12:27	12:31	12:32	12:34	12:37	12:39	12:41
117027403	C	N	MTWRF	12:47	12:51	12:52	12:54	12:57	12:59	13:01
117027402	C	N	MTWRF	13:07	13:11	13:12	13:14	13:17	13:19	13:21
117027401	C	N	MTWRF	13:27	13:31	13:32	13:34	13:37	13:39	13:41
117027400	C	N	MTWRF	13:47	13:51	13:52	13:54	13:57	13:59	14:01
117027399	C	N	MTWRF	14:07	14:11	14:12	14:14	14:17	14:19	14:21
117027398	C	N	MTWRF	14:27	14:31	14:32	14:34	14:37	14:39	14:41
117027397	C	N	MTWRF	14:47	14:51	14:52	14:54	14:57	14:59	15:01
117027396	C	N	MTWRF	15:07	15:11	15:12	15:14	15:17	15:19	15:21
117027395	C	N	MTWRF	15:27	15:31	15:32	15:34	15:37	15:39	15:41
117027394	C	N	MTWRF	15:47	15:51	15:52	15:54	15:57	15:59	16:01
117027393	C	N	MTWRF	16:07	16:11	16:12	16:14	16:17	16:19	16:21
117027392	C	N	MTWRF	16:27	16:31	16:32	16:34	16:37	16:39	16:41
117027391	C	N	MTWRF	16:47	16:51	16:52	16:54	16:57	16:59	17:01
117027390	C	N	MTWRF	17:07	17:11	17:12	17:14	17:17	17:19	17:21
117027389	C	N	MTWRF	17:27	17:31	17:32	17:34	17:37	17:39	17:41
117027388	C	N	MTWRF	17:47	17:51	17:52	17:54	17:57	17:59	18:01
117027387	C	N	MTWRF	18:07	18:11	18:12	18:14	18:17	18:19	18:21
117027386	C	N	MTWRF	18:27	18:31	18:32	18:34	18:37	18:39	18:41
117027385	C	N	MTWRF	18:47	18:51	18:52	18:54	18:57	18:59	19:01
117027384	C	N	MTWRF	19:07	19:11	19:12	19:14	19:17	19:19	19:21
117027383	C	N	MTWRF	19:27	19:31	19:32	19:34	19:37	19:39	19:41
117027425	C	N	MTWRF	-	05:21	05:22	05:24	05:27	05:29	05:31
117027424	C	N	MTWRF	-	05:41	05:42	05:44	05:47	05:49	05:51
117027423	C	N	MTWRF	-	06:01	06:02	06:04	06:07	06:09	06:11
117027382	C	N	MTWRF	06:17	06:21	06:22	06:24	06:27	06:29	06:31
117027381	C	N	MTWRF	06:37	06:41	06:42	06:44	06:47	06:49	06:51
117027380	C	N	MTWRF	06:57	07:01	07:02	07:04	07:07	07:09	07:11
117027379	C	N	MTWRF	07:17	07:21	07:22	07:24	07:27	07:29	07:31
117027378	C	N	MTWRF	07:37	07:41	07:42	07:44	07:47	07:49	07:51
117027377	C	N	MTWRF	07:57	08:01	08:02	08:04	08:07	08:09	08:11
117027376	C	N	MTWRF	08:17	08:21	08:22	08:24	08:27	08:29	08:31
117027375	C	N	MTWRF	08:37	08:41	08:42	08:44	08:47	08:49	08:51
117027374	C	N	MTWRF	08:57	09:01	09:02	09:04	09:07	09:09	09:11
117027373	C	N	MTWRF	09:17	09:21	09:22	09:24	09:27	09:29	09:31
117027372	C	N	MTWRF	09:37	09:41	09:42	09:44	09:47	09:49	09:51
117027371	C	N	MTWRF	09:57	10:01	10:02	10:04	10:07	10:09	10:11
117027370	C	N	MTWRF	10:17	10:21	10:22	10:24	10:27	10:29	10:31
117027369	C	N	MTWRF	10:37	10:41	10:42	10:44	10:47	10:49	10:51
117027368	C	N	MTWRF	10:57	11:01	11:02	11:04	11:07	11:09	11:11
117027367	C	N	MTWRF	11:17	11:21	11:22	11:24	11:27	11:29	11:31
117027366	C	N	MTWRF	11:37	11:41	11:42	11:44	11:47	11:49	11:51
117027365	C	N	MTWRF	11:57	12:01	12:02	12:04	12:07	12:09	12:11
117027364	C	N	MTWRF	12:17	12:21	12:22	12:24	12:27	12:29	12:31
117027363	C	N	MTWRF	12:37	12:41	12:42	12:44	12:47	12:49	12:51
117027362	C	N	MTWRF	12:57	13:01	13:02	13:04	13:07	13:09	13:11
117027361	C	N	MTWRF	13:17	13:21	13:22	13:24	13:27	13:29	13:31
117027360	C	N	MTWRF	13:37	13:41	13:42	13:44	13:47	13:49	13:51
117027359	C	N	MTWRF	13:57	14:01	14:02	14:04	14:07	14:09	14:11
117027358	C	N	MTWRF	14:17	14:21	14:22	14:24	14:27	14:29	14:31
117027357	C	N	MTWRF	14:37	14:41	14:42	14:44	14:47	14:49	14:51
117027356	C	N	MTWRF	14:57	15:01	15:02	15:04	15:07	15:09	15:11
117027355	C	N	MTWRF	15:17	15:21	15:22	15:24	15:27	15:29	15:31
117027354	C	N	MTWRF	15:37	15:41	15:42	15:44	15:47	15:49	15:51
117027353	C	N	MTWRF	15:57	16:01	16:02	16:04	16:07	16:09	16:11
117027352	C	N	MTWRF	16:17	16:21	16:22	16:24	16:27	16:29	16:31
117027351	C	N	MTWRF	16:37	16:41	16:42	16:44	16:47	16:49	16:51
117027350	C	N	MTWRF	16:57	17:01	17:02	17:04	17:07	17:09	17:11
117027349	C	N	MTWRF	17:17	17:21	17:22	17:24	17:27	17:29	17:31
117027348	C	N	MTWRF	17:37	17:41	17:42	17:44	17:47	17:49	17:51
117027347	C	N	MTWRF	17:57	18:01	18:02	18:04	18:07	18:09	18:11
117027346	C	N	MTWRF	18:17	18:21	18:22	18:24	18:27	18:29	18:31
117027345	C	N	MTWRF	18:37	18:41	18:42	18:44	18:47	18:49	18:51
117027344	C	N	MTWRF	18:57	19:01	19:02	19:04	19:07	19:09	19:11
117027343	C	N	MTWRF	19:17	19:21	19:22	19:24	19:27	19:29	19:31
117027342	C	N	F	19:37	19:41	19:42	19:44	19:47	19:49	19:51
117027341	C	N	MTWR	19:37	19:41	-	-	-	-	-
117027340	C	N	F	19:57	20:01	-	-	-	-	-
117027339	C	N	F	20:17	20:21	-	-	-	-	-
117027338	C	N	MTWRFSU	24:15	24:19	24:20	24:22	24:25	24:27	24:29
117027337	C	N	FS	24:35	24:39	24:40	24:42	24:45	24:47	24:49
117027336	C	N	FS	24:55	24:59	25:00	25:02	25:05	25:07	25:09
117027335	C	N	FS	25:15	25:19	25:20	25:22	25:25	25:27	25:29
117027334	C	N	SU	07:35	07:39	07:40	07:42	07:45	07:47	07:49
117027333	C	N	SU	07:55	07:59	08:00	08:02	08:05	08:07	08:09
117027332	C	N	SU	08:15	08:19	08:20	08:22	08:25	08:27	08:29
117027331	C	N	SU	08:35	08:39	08:40	08:42	08:45	08:47	08:49
117027330	C	N	SU	08:55	08:59	09:00	09:02	09:05	09:07	09:09
117027329	C	N	SU	09:15	09:19	09:20	09:22	09:25	09:27	09:29
117027328	C	N	SU	09:35	09:39	09:40	09:42	09:45	09:47	09:49
117027327	C	N	SU	09:55	09:59	10:00	10:02	10:05	10:07	10:09
117027326	C	N	SU	10:15	10:19	10:20	10:22	10:25	10:27	10:29
117027325	C	N	SU	10:35	10:39	10:40	10:42	10:45	10:47	10:49
117027324	C	N	SU	10:55	10:59	11:00	11:02	11:05	11:07	11:09
117027323	C	N	SU	11:15	11:19	11:20	11:22	11:25	11:27	11:29
117027322	C	N	SU	11:35	11:39	11:40	11:42	11:45	11:47	11:49
117027321	C	N	SU	11:55	11:59	12:00	12:02	12:05	12:07	12:09
117027320	C	N	SU	12:15	12:19	12:20	12:22	12:25	12:27	12:29
117027319	C	N	SU	12:35	12:39	12:40	12:42	12:45	12:47	12:49
117027318	C	N	SU	12:55	12:59	13:00	13:02	13:05	13:07	13:09
117027317	C	N	SU	13:15	13:19	13:20	13:22	13:25	13:27	13:29
117027316	C	N	SU	13:35	13:39	13:40	13:42	13:45	13:47	13:49
117027315	C	N	SU	13:55	13:59	14:00	14:02	14:05	14:07	14:09
117027314	C	N	SU	14:15	14:19	14:20	14:22	14:25	14:27	14:29
117027313	C	N	SU	14:35	14:39	14:40	14:42	14:45	14:47	14:49
117027312	C	N	SU	14:55	14:59	15:00	15:02	15:05	15:07	15:09
117027311	C	N	SU	15:15	15:19	15:20	15:22	15:25	15:27	15:29
117027310	C	N	SU	15:35	15:39	15:40	15:42	15:45	15:47	15:49
117027309	C	N	SU	15:55	15:59	16:00	16:02	16:05	16:07	16:09
117027308	C	N	SU	16:15	16:19	16:20	16:22	16:25	16:27	16:29
117027307	C	N	SU	16:35	16:39	16:40	16:42	16:45	16:47	16:49
117027306	C	N	SU	16:55	16:59	17:00	17:02	17:05	17:07	17:09
117027305	C	N	SU	17:15	17:19	17:20	17:22	17:25	17:27	17:29
117027304	C	N	SU	17:35	17:39	17:40	17:42	17:45	17:47	17:49
117027303	C	N	SU	17:55	17:59	18:00	18:02	18:05	18:07	18:09
117027302	C	N	SU	18:15	18:19	18:20	18:22	18:25	18:27	18:29
117027301	C	N	SU	18:35	18:39	18:40	18:42	18:45	18:47	18:49
117027300	C	N	SU	18:55	18:59	19:00	19:02	19:05	19:07	19:09
117027299	C	N	SU	19:15	19:19	19:20	19:22	19:25	19:27	19:29
117027298	C	N	SU	19:35	19:39	19:40	19:42	19:45	19:47	19:49
117027297	C	N	MTWRFSU	19:55	19:59	20:00	20:02	20:05	20:07	20:09
117027296	C	N	MTWRFSU	20:15	20:19	20:20	20:22	20:25	20:27	20:29
117027295	C	N	MTWRFSU	20:35	20:39	20:40	20:42	20:45	20:47	20:49
117027294	C	N	MTWRFSU	20:55	20:59	21:00	21:02	21:05	21:07	21:09
117027293	C	N	MTWRFSU	21:15	21:19	21:20	21:22	21:25	21:27	21:29
117027292	C	N	MTWRFSU	21:35	21:39	21:40	21:42	21:45	21:47	21:49
117027291	C	N	MTWRFSU	21:55	21:59	22:00	22:02	22:05	22:07	22:09
117027290	C	N	MTWRFSU	22:15	22:19	22:20	22:22	22:25	22:27	22:29
117027289	C	N	MTWRFSU	22:35	22:39	22:40	22:42	22:45	22:47	22:49
117027288	C	N	MTWRFSU	22:55	22:59	23:00	23:02	23:05	23:07	23:09
117027287	C	N	MTWRFSU	23:15	23:19	23:20	23:22	23:25	23:27	23:29
117027286	C	N	MTWRFSU	23:35	23:39	23:40	23:42	23:45	23:47	23:49
117027285	C	N	MTWRFSU	23:55	23:59	24:00	24:02	24:05	24:07	24:09
117027246	C	N	MTWRU	24:35	24:39	-	-	-	-	-
117027245	C	N	MTWRU	24:55	24:59	-	-	-	-	-
117027221	C	N	SU	-	09:29	09:30	09:32	09:35	09:37	09:39
117027220	C	N	SU	-	09:49	09:50	09:52	09:55	09:57	09:59
117027219	C	N	SU	-	10:09	10:10	10:12	10:15	10:17	10:19
117027284	C	N	SU	10:25	10:29	10:30	10:32	10:35	10:37	10:39
117027283	C	N	SU	10:45	10:49	10:50	10:52	10:55	10:57	10:59
117027282	C	N	SU	11:05	11:09	11:10	11:12	11:15	11:17	11:19
117027281	C	N	SU	11:25	11:29	11:30	11:32	11:35	11:37	11:39
117027280	C	N	SU	11:45	11:49	11:50	11:52	11:55	11:57	11:59
117027279	C	N	SU	12:05	12:09	12:10	12:12	12:15	12:17	12:19
117027278	C	N	SU	12:25	12:29	12:30	12:32	12:35	12:37	12:39
117027277	C	N	SU	12:45	12:49	12:50	12:52	12:55	12:57	12:59
117027276	C	N	SU	13:05	13:09	13:10	13:12	13:15	13:17	13:19
117027275	C	N	SU	13:25	13:29	13:30	13:32	13:35	13:37	13:39
117027274	C	N	SU	13:45	13:49	13:50	13:52	13:55	13:57	13:59
117027273	C	N	SU	14:05	14:09	14:10	14:12	14:15	14:17	14:19
117027272	C	N	SU	14:25	14:29	14:30	14:32	14:35	14:37	14:39
117027271	C	N	SU	14:45	14:49	14:50	14:52	14:55	14:57	14:59
117027270	C	N	SU	15:05	15:09	15:10	15:12	15:15	15:17	15:19
117027269	C	N	SU	15:25	15:29	15:30	15:32	15:35	15:37	15:39
117027268	C	N	SU	15:45	15:49	15:50	15:52	15:55	15:57	15:59
117027267	C	N	SU	16:05	16:09	16:10	16:12	16:15	16:17	16:19
117027266	C	N	SU	16:25	16:29	16:30	16:32	16:35	16:37	16:39
117027265	C	N	SU	16:45	16:49	16:50	16:52	16:55	16:57	16:59
117027264	C	N	SU	17:05	17:09	17:10	17:12	17:15	17:17	17:19
117027263	C	N	SU	17:25	17:29	17:30	17:32	17:35	17:37	17:39
117027262	C	N	SU	17:45	17:49	17:50	17:52	17:55	17:57	17:59
117027261	C	N	SU	18:05	18:09	18:10	18:12	18:15	18:17	18:19
117027260	C	N	SU	18:25	18:29	18:30	18:32	18:35	18:37	18:39
117027259	C	N	S	18:45	18:49	18:50	18:52	18:55	18:57	18:59
117027258	C	N	S	19:05	19:09	19:10	19:12	19:15	19:17	19:19
117027242	C	N	U	18:45	18:49	-	-	-	-	-
117027241	C	N	U	19:05	19:09	-	-	-	-	-
117027240	C	N	S	19:25	19:29	-	-	-	-	-
117027239	C	N	S	19:45	19:49	-	-	-	-	-
117027218	C	N	FS	26:15	26:19	26:20	26:22	26:25	26:27	26:29
117027217	C	N	SU	03:15	03:19	03:20	03:22	03:25	03:27	03:29
117027216	C	N	SU	04:15	04:19	04:20	04:22	04:25	04:27	04:29
117027215	C	N	SU	05:15	05:19	05:20	05:22	05:25	05:27	05:29
117027214	C	N	SU	06:15	06:19	06:20	06:22	06:25	06:27	06:29
117027213	C	N	SU	07:15	07:19	07:20	07:22	07:25	07:27	07:29
117027212	C	N	FS	25:45	25:49	25:50	25:52	25:55	25:57	25:59
117027211	C	N	SU	02:45	02:49	02:50	02:52	02:55	02:57	02:59
117027210	C	N	SU	03:45	03:49	03:50	03:52	03:55	03:57	03:59
117027209	C	N	SU	04:45	04:49	04:50	04:52	04:55	04:57	04:59
117027208	C	N	SU	05:45	05:49	05:50	05:52	05:55	05:57	05:59
117027207	C	N	SU	06:45	06:49	06:50	06:52	06:55	06:57	06:59
117028644	H	S	MTWRF	05:21	05:19	-	-	-	-	-
117028643	H	S	MTWRF	05:41	05:39	-	-	-	-	-
117028642	H	S	MTWRF	06:01	05:59	05:56	05:54	05:52	-	-
117028641	H	S	MTWRF	06:21	06:19	06:16	06:14	06:12	-	-
117028640	H	S	MTWRF	06:41	06:39	06:36	06:34	06:32	-	-
117028639	H	S	MTWRF	07:01	06:59	06:56	06:54	06:52	-	-
117028638	H	S	MTWRF	07:21	07:19	07:16	07:14	07:12	-	-
117028637	H	S	MTWRF	07:41	07:39	07:36	07:34	07:32	-	-
117028636	H	S	MTWRF	08:01	07:59	07:56	07:54	07:52	-	-
117028635	H	S	MTWRF	08:21	08:19	08:16	08:14	08:12	-	-
117028634	H	S	MTWRF	08:41	08:39	08:36	08:34	08:32	-	-
117028633	H	S	MTWRF	09:01	08:59	08:56	08:54	08:52	-	-
117028632	H	S	MTWRF	09:21	09:19	09:16	09:14	09:12	-	-
117028631	H	S	MTWRF	09:41	09:39	09:36	09:34	09:32	-	-
117028630	H	S	MTWRF	10:01	09:59	09:56	09:54	09:52	-	-
117028629	H	S	MTWRF	10:21	10:19	10:16	10:14	10:12	-	-
117028628	H	S	MTWRF	10:41	10:39	10:36	10:34	10:32	-	-
117028627	H	S	MTWRF	11:01	10:59	10:56	10:54	10:52	-	-
117028626	H	S	MTWRF	11:21	11:19	11:16	11:14	11:12	-	-
117028625	H	S	MTWRF	11:41	11:39	11:36	11:34	11:32	-	-
117028624	H	S	MTWRF	12:01	11:59	11:56	11:54	11:52	-	-
117028623	H	S	MTWRF	12:21	12:19	12:16	12:14	12:12	-	-
117028622	H	S	MTWRF	12:41	12:39	12:36	12:34	12:32	-	-
117028621	H	S	MTWRF	13:01	12:59	12:56	12:54	12:52	-	-
117028620	H	S	MTWRF	13:21	13:19	13:16	13:14	13:12	-	-
117028619	H	S	MTWRF	13:41	13:39	13:36	13:34	13:32	-	-
117028618	H	S	MTWRF	14:01	13:59	13:56	13:54	13:52	-	-
117028617	H	S	MTWRF	14:21	14:19	14:16	14:14	14:12	-	-
117028616	H	S	MTWRF	14:41	14:39	14:36	14:34	14:32	-	-
117028615	H	S	MTWRF	15:01	14:59	14:56	14:54	14:52	-	-
117028614	H	S	MTWRF	15:21	15:19	15:16	15:14	15:12	-	-
117028613	H	S	MTWRF	15:41	15:39	15:36	15:34	15:32	-	-
117028612	H	S	MTWRF	16:01	15:59	15:56	15:54	15:52	-	-
117028611	H	S	MTWRF	16:21	16:19	16:16	16:14	16:12	-	-
117028610	H	S	MTWRF	16:41	16:39	16:36	16:34	16:32	-	-
117028609	H	S	MTWRF	17:01	16:59	16:56	16:54	16:52	-	-
117028608	H	S	MTWRF	17:21	17:19	17:16	17:14	17:12	-	-
117028607	H	S	MTWRF	17:41	17:39	17:36	17:34	17:32	-	-
117028606	H	S	MTWRF	18:01	17:59	17:56	17:54	17:52	-	-
117028605	H	S	MTWRF	18:21	18:19	18:16	18:14	18:12	-	-
117028604	H	N	MTWRF	06:35	06:39	06:40	06:42	06:46	-	-
117028603	H	N	MTWRF	06:55	06:59	07:00	07:02	07:06	-	-
117028602	H	N	MTWRF	07:15	07:19	07:20	07:22	07:26	-	-
117028601	H	N	MTWRF	07:35	07:39	07:40	07:42	07:46	-	-
117028600	H	N	MTWRF	07:55	07:59	08:00	08:02	08:06	-	-
117028599	H	N	MTWRF	08:15	08:19	08:20	08:22	08:26	-	-
117028598	H	N	MTWRF	08:35	08:39	08:40	08:42	08:46	-	-
117028597	H	N	MTWRF	08:55	08:59	09:00	09:02	09:06	-	-
117028596	H	N	MTWRF	09:15	09:19	09:20	09:22	09:26	-	-
117028595	H	N	MTWRF	09:35	09:39	09:40	09:42	09:46	-	-
117028594	H	N	MTWRF	09:55	09:59	10:00	10:02	10:06	-	-
117028593	H	N	MTWRF	10:15	10:19	10:20	10:22	10:26	-	-
117028592	H	N	MTWRF	10:35	10:39	10:40	10:42	10:46	-	-
117028591	H	N	MTWRF	10:55	10:59	11:00	11:02	11:06	-	-
117028590	H	N	MTWRF	11:15	11:19	11:20	11:22	11:26	-	-
117028589	H	N	MTWRF	11:35	11:39	11:40	11:42	11:46	-	-
117028588	H	N	MTWRF	11:55	11:59	12:00	12:02	12:06	-	-
117028587	H	N	MTWRF	12:15	12:19	12:20	12:22	12:26	-	-
117028586	H	N	MTWRF	12:35	12:39	12:40	12:42	12:46	-	-
117028585	H	N	MTWRF	12:55	12:59	13:00	13:02	13:06	-	-
117028584	H	N	MTWRF	13:15	13:19	13:20	13:22	13:26	-	-
117028583	H	N	MTWRF	13:35	13:39	13:40	13:42	13:46	-	-
117028582	H	N	MTWRF	13:55	13:59	14:00	14:02	14:06	-	-
117028581	H	N	MTWRF	14:15	14:19	14:20	14:22	14:26	-	-
117028580	H	N	MTWRF	14:35	14:39	14:40	14:42	14:46	-	-
117028579	H	N	MTWRF	14:55	14:59	15:00	15:02	15:06	-	-
117028578	H	N	MTWRF	15:15	15:19	15:20	15:22	15:26	-	-
117028577	H	N	MTWRF	15:35	15:39	15:40	15:42	15:46	-	-
117028576	H	N	MTWRF	15:55	15:59	16:00	16:02	16:06	-	-
117028575	H	N	MTWRF	16:15	16:19	16:20	16:22	16:26	-	-
117028574	H	N	MTWRF	16:35	16:39	16:40	16:42	16:46	-	-
117028573	H	N	MTWRF	16:55	16:59	17:00	17:02	17:06	-	-
117028572	H	N	MTWRF	17:15	17:19	17:20	17:22	17:26	-	-
117028571	H	N	MTWRF	17:35	17:39	17:40	17:42	17:46	-	-
117028570	H	N	MTWRF	17:55	17:59	18:00	18:02	18:06	-	-
117028569	H	N	MTWRF	18:15	18:19	-	-	-	-	-
117028568	H	N	MTWRF	18:35	18:39	-	-	-	-	-
117028567	H	N	MTWRF	18:55	18:59	-	-	-	-	-
117028566	H	N	MTWRF	19:15	19:19	-	-	-	-	-
117028565	H	N	MTWRF	19:35	19:39	-	-	-	-	-
117028564	H	N	MTWRF	05:35	05:39	05:40	05:42	05:46	-	-
117028563	H	N	MTWRF	05:55	05:59	06:00	06:02	06:06	-	-
117028562	H	N	MTWRF	06:15	06:19	06:20	06:22	06:26	-	-
