number	type	direction	days	stop|Frederikssund|0.0|0	stop|Vinge|4.6|0	stop|Ølstykke|7.8|0	stop|Egedal|10.3|0	stop|Stenløse|11.8|0	stop|Veksø|15.6|0	stop|Kildedal|18.7|0	stop|Måløv|20.8|0	stop|Ballerup|24.0|0	stop|Malmparken|25.8|0	stop|Skovlunde|26.8|0	stop|Herlev|29.5|0	stop|Husum|31.1|0	stop|Islev|32.4|0	stop|Jyllingevej|33.6|0	stop|Vanløse|34.5|0	stop|Flintholm|35.2|0	stop|Peter Bangs Vej|35.9|0	stop|Langgade|37.0|0	stop|Valby|37.9|0	stop|Carlsberg|39.3|0	stop|Dybbølsbro|40.9|0	stop|København H|41.8|0	stop|Vesterport|42.3|0	stop|Nørreport|43.3|0	stop|Østerport|44.9|0	stop|Nordhavn|46.3|0	stop|Svanemøllen|47.6|0	stop|Hellerup|49.7|0	stop|Charlottenlund|52.1|0	stop|Ordrup|53.4|0	stop|Klampenborg|55.2|0
117027726	C	S	MTWRF	06:14	06:09	06:06	06:04	06:02	05:59	05:56	05:54	05:51	05:48	05:46	05:44	05:42	-	-	05:39	05:37	-	-	05:34	05:31	05:29	05:27	05:24	05:22	05:20	05:17	05:15	05:13	05:09	05:07	05:04
117027725	C	S	MTWRF	06:34	06:29	06:26	06:24	06:22	06:19	06:16	06:14	06:11	06:08	06:06	06:04	06:02	-	-	05:59	05:57	-	-	05:54	05:51	05:49	05:47	05:44	05:42	05:40	05:37	05:35	05:33	05:29	05:27	05:24
117027724	C	S	MTWRF	06:54	06:49	06:46	06:44	06:42	06:39	06:36	06:34	06:31	06:28	06:26	06:24	06:22	-	-	06:19	06:17	-	-	06:14	06:11	06:09	06:07	06:04	06:02	06:00	05:57	05:55	05:53	05:49	05:47	05:44
117027723	C	S	MTWRF	07:14	07:09	07:06	07:04	07:02	06:59	06:56	06:54	06:51	06:48	06:46	06:44	06:42	-	-	06:39	06:37	-	-	06:34	06:31	06:29	06:27	06:24	06:22	06:20	06:17	06:15	06:13	06:09	06:07	06:04
117027722	C	S	MTWRF	07:34	07:29	07:26	07:24	07:22	07:19	07:16	07:14	07:11	07:08	07:06	07:04	07:02	-	-	06:59	06:57	-	-	06:54	06:51	06:49	06:47	06:44	06:42	06:40	06:37	06:35	06:33	06:29	06:27	06:24
117027721	C	S	MTWRF	07:54	07:49	07:46	07:44	07:42	07:39	07:36	07:34	07:31	07:28	07:26	07:24	07:22	-	-	07:19	07:17	-	-	07:14	07:11	07:09	07:07	07:04	07:02	07:00	06:57	06:55	06:53	06:49	06:47	06:44
117027720	C	S	MTWRF	08:14	08:09	08:06	08:04	08:02	07:59	07:56	07:54	07:51	07:48	07:46	07:44	07:42	-	-	07:39	07:37	-	-	07:34	07:31	07:29	07:27	07:24	07:22	07:20	07:17	07:15	07:13	07:09	07:07	07:04
117027719	C	S	MTWRF	08:34	08:29	08:26	08:24	08:22	08:19	08:16	08:14	08:11	08:08	08:06	08:04	08:02	-	-	07:59	07:57	-	-	07:54	07:51	07:49	07:47	07:44	07:42	07:40	07:37	07:35	07:33	07:29	07:27	07:24
117027718	C	S	MTWRF	08:54	08:49	08:46	08:44	08:42	08:39	08:36	08:34	08:31	08:28	08:26	08:24	08:22	-	-	08:19	08:17	-	-	08:14	08:11	08:09	08:07	08:04	08:02	08:00	07:57	07:55	07:53	07:49	07:47	07:44
117027717	C	S	MTWRF	09:14	09:09	09:06	09:04	09:02	08:59	08:56	08:54	08:51	08:48	08:46	08:44	08:42	-	-	08:39	08:37	-	-	08:34	08:31	08:29	08:27	08:24	08:22	08:20	08:17	08:15	08:13	08:09	08:07	08:04
117027716	C	S	MTWRF	09:34	09:29	09:26	09:24	09:22	09:19	09:16	09:14	09:11	09:08	09:06	09:04	09:02	-	-	08:59	08:57	-	-	08:54	08:51	08:49	08:47	08:44	08:42	08:40	08:37	08:35	08:33	08:29	08:27	08:24
117027715	C	S	MTWRF	09:54	09:49	09:46	09:44	09:42	09:39	09:36	09:34	09:31	09:28	09:26	09:24	09:22	-	-	09:19	09:17	-	-	09:14	09:11	09:09	09:07	09:04	09:02	09:00	08:57	08:55	08:53	08:49	08:47	08:44
117027714	C	S	MTWRF	10:14	10:09	10:06	10:04	10:02	09:59	09:56	09:54	09:51	09:48	09:46	09:44	09:42	-	-	09:39	09:37	-	-	09:34	09:31	09:29	09:27	09:24	09:22	09:20	09:17	09:15	09:13	09:09	09:07	09:04
117027713	C	S	MTWRF	10:34	10:29	10:26	10:24	10:22	10:19	10:16	10:14	10:11	10:08	10:06	10:04	10:02	-	-	09:59	09:57	-	-	09:54	09:51	09:49	09:47	09:44	09:42	09:40	09:37	09:35	09:33	09:29	09:27	09:24
117027712	C	S	MTWRF	10:54	10:49	10:46	10:44	10:42	10:39	10:36	10:34	10:31	10:28	10:26	10:24	10:22	-	-	10:19	10:17	-	-	10:14	10:11	10:09	10:07	10:04	10:02	10:00	09:57	09:55	09:53	09:49	09:47	09:44
117027711	C	S	MTWRF	11:14	11:09	11:06	11:04	11:02	10:59	10:56	10:54	10:51	10:48	10:46	10:44	10:42	-	-	10:39	10:37	-	-	10:34	10:31	10:29	10:27	10:24	10:22	10:20	10:17	10:15	10:13	10:09	10:07	10:04
117027710	C	S	MTWRF	11:34	11:29	11:26	11:24	11:22	11:19	11:16	11:14	11:11	11:08	11:06	11:04	11:02	-	-	10:59	10:57	-	-	10:54	10:51	10:49	10:47	10:44	10:42	10:40	10:37	10:35	10:33	10:29	10:27	10:24
117027709	C	S	MTWRF	11:54	11:49	11:46	11:44	11:42	11:39	11:36	11:34	11:31	11:28	11:26	11:24	11:22	-	-	11:19	11:17	-	-	11:14	11:11	11:09	11:07	11:04	11:02	11:00	10:57	10:55	10:53	10:49	10:47	10:44
117027708	C	S	MTWRF	12:14	12:09	12:06	12:04	12:02	11:59	11:56	11:54	11:51	11:48	11:46	11:44	11:42	-	-	11:39	11:37	-	-	11:34	11:31	11:29	11:27	11:24	11:22	11:20	11:17	11:15	11:13	11:09	11:07	11:04
117027707	C	S	MTWRF	12:34	12:29	12:26	12:24	12:22	12:19	12:16	12:14	12:11	12:08	12:06	12:04	12:02	-	-	11:59	11:57	-	-	11:54	11:51	11:49	11:47	11:44	11:42	11:40	11:37	11:35	11:33	11:29	11:27	11:24
117027706	C	S	MTWRF	12:54	12:49	12:46	12:44	12:42	12:39	12:36	12:34	12:31	12:28	12:26	12:24	12:22	-	-	12:19	12:17	-	-	12:14	12:11	12:09	12:07	12:04	12:02	12:00	11:57	11:55	11:53	11:49	11:47	11:44
117027705	C	S	MTWRF	13:14	13:09	13:06	13:04	13:02	12:59	12:56	12:54	12:51	12:48	12:46	12:44	12:42	-	-	12:39	12:37	-	-	12:34	12:31	12:29	12:27	12:24	12:22	12:20	12:17	12:15	12:13	12:09	12:07	12:04
117027704	C	S	MTWRF	13:34	13:29	13:26	13:24	13:22	13:19	13:16	13:14	13:11	13:08	13:06	13:04	13:02	-	-	12:59	12:57	-	-	12:54	12:51	12:49	12:47	12:44	12:42	12:40	12:37	12:35	12:33	12:29	12:27	12:24
117027703	C	S	MTWRF	13:54	13:49	13:46	13:44	13:42	13:39	13:36	13:34	13:31	13:28	13:26	13:24	13:22	-	-	13:19	13:17	-	-	13:14	13:11	13:09	13:07	13:04	13:02	13:00	12:57	12:55	12:53	12:49	12:47	12:44
117027702	C	S	MTWRF	14:14	14:09	14:06	14:04	14:02	13:59	13:56	13:54	13:51	13:48	13:46	13:44	13:42	-	-	13:39	13:37	-	-	13:34	13:31	13:29	13:27	13:24	13:22	13:20	13:17	13:15	13:13	13:09	13:07	13:04
117027701	C	S	MTWRF	14:34	14:29	14:26	14:24	14:22	14:19	14:16	14:14	14:11	14:08	14:06	14:04	14:02	-	-	13:59	13:57	-	-	13:54	13:51	13:49	13:47	13:44	13:42	13:40	13:37	13:35	13:33	13:29	13:27	13:24
117027700	C	S	MTWRF	14:54	14:49	14:46	14:44	14:42	14:39	14:36	14:34	14:31	14:28	14:26	14:24	14:22	-	-	14:19	14:17	-	-	14:14	14:11	14:09	14:07	14:04	14:02	14:00	13:57	13:55	13:53	13:49	13:47	13:44
117027699	C	S	MTWRF	15:14	15:09	15:06	15:04	15:02	14:59	14:56	14:54	14:51	14:48	14:46	14:44	14:42	-	-	14:39	14:37	-	-	14:34	14:31	14:29	14:27	14:24	14:22	14:20	14:17	14:15	14:13	14:09	14:07	14:04
117027698	C	S	MTWRF	15:34	15:29	15:26	15:24	15:22	15:19	15:16	15:14	15:11	15:08	15:06	15:04	15:02	-	-	14:59	14:57	-	-	14:54	14:51	14:49	14:47	14:44	14:42	14:40	14:37	14:35	14:33	14:29	14:27	14:24
117027697	C	S	MTWRF	15:54	15:49	15:46	15:44	15:42	15:39	15:36	15:34	15:31	15:28	15:26	15:24	15:22	-	-	15:19	15:17	-	-	15:14	15:11	15:09	15:07	15:04	15:02	15:00	14:57	14:55	14:53	14:49	14:47	14:44
117027696	C	S	MTWRF	16:14	16:09	16:06	16:04	16:02	15:59	15:56	15:54	15:51	15:48	15:46	15:44	15:42	-	-	15:39	15:37	-	-	15:34	15:31	15:29	15:27	15:24	15:22	15:20	15:17	15:15	15:13	15:09	15:07	15:04
117027695	C	S	MTWRF	16:34	16:29	16:26	16:24	16:22	16:19	16:16	16:14	16:11	16:08	16:06	16:04	16:02	-	-	15:59	15:57	-	-	15:54	15:51	15:49	15:47	15:44	15:42	15:40	15:37	15:35	15:33	15:29	15:27	15:24
117027694	C	S	MTWRF	16:54	16:49	16:46	16:44	16:42	16:39	16:36	16:34	16:31	16:28	16:26	16:24	16:22	-	-	16:19	16:17	-	-	16:14	16:11	16:09	16:07	16:04	16:02	16:00	15:57	15:55	15:53	15:49	15:47	15:44
117027693	C	S	MTWRF	17:14	17:09	17:06	17:04	17:02	16:59	16:56	16:54	16:51	16:48	16:46	16:44	16:42	-	-	16:39	16:37	-	-	16:34	16:31	16:29	16:27	16:24	16:22	16:20	16:17	16:15	16:13	16:09	16:07	16:04
117027692	C	S	MTWRF	17:34	17:29	17:26	17:24	17:22	17:19	17:16	17:14	17:11	17:08	17:06	17:04	17:02	-	-	16:59	16:57	-	-	16:54	16:51	16:49	16:47	16:44	16:42	16:40	16:37	16:35	16:33	16:29	16:27	16:24
117027691	C	S	MTWRF	17:54	17:49	17:46	17:44	17:42	17:39	17:36	17:34	17:31	17:28	17:26	17:24	17:22	-	-	17:19	17:17	-	-	17:14	17:11	17:09	17:07	17:04	17:02	17:00	16:57	16:55	16:53	16:49	16:47	16:44
117027690	C	S	MTWRF	18:14	18:09	18:06	18:04	18:02	17:59	17:56	17:54	17:51	17:48	17:46	17:44	17:42	-	-	17:39	17:37	-	-	17:34	17:31	17:29	17:27	17:24	17:22	17:20	17:17	17:15	17:13	17:09	17:07	17:04
117027689	C	S	MTWRF	18:34	18:29	18:26	18:24	18:22	18:19	18:16	18:14	18:11	18:08	18:06	18:04	18:02	-	-	17:59	17:57	-	-	17:54	17:51	17:49	17:47	17:44	17:42	17:40	17:37	17:35	17:33	17:29	17:27	17:24
117027688	C	S	MTWRF	18:54	18:49	18:46	18:44	18:42	18:39	18:36	18:34	18:31	18:28	18:26	18:24	18:22	-	-	18:19	18:17	-	-	18:14	18:11	18:09	18:07	18:04	18:02	18:00	17:57	17:55	17:53	17:49	17:47	17:44
117027687	C	S	MTWRF	06:22	-	06:15	06:13	06:11	06:07	-	06:04	06:01	05:58	05:56	05:54	05:52	-	-	05:49	05:47	-	-	05:44	05:41	05:39	05:37	-	-	-	-	-	-	-	-	-
117027686	C	S	MTWRF	06:42	-	06:35	06:33	06:31	06:27	-	06:24	06:21	06:18	06:16	06:14	06:12	-	-	06:09	06:07	-	-	06:04	06:01	05:59	05:57	-	-	-	-	-	-	-	-	-
117027685	C	S	MTWRF	07:02	-	06:55	06:53	06:51	06:47	-	06:44	06:41	06:38	06:36	06:34	06:32	-	-	06:29	06:27	-	-	06:24	06:21	06:19	06:17	06:14	06:12	06:10	06:07	06:05	06:03	05:59	05:57	05:54
117027684	C	S	MTWRF	07:22	-	07:15	07:13	07:11	07:07	-	07:04	07:01	06:58	06:56	06:54	06:52	-	-	06:49	06:47	-	-	06:44	06:41	06:39	06:37	06:34	06:32	06:30	06:27	06:25	06:23	06:19	06:17	06:14
117027683	C	S	MTWRF	07:42	-	07:35	07:33	07:31	07:27	-	07:24	07:21	07:18	07:16	07:14	07:12	-	-	07:09	07:07	-	-	07:04	07:01	06:59	06:57	06:54	06:52	06:50	06:47	06:45	06:43	06:39	06:37	06:34
117027682	C	S	MTWRF	08:02	-	07:55	07:53	07:51	07:47	-	07:44	07:41	07:38	07:36	07:34	07:32	-	-	07:29	07:27	-	-	07:24	07:21	07:19	07:17	07:14	07:12	07:10	07:07	07:05	07:03	06:59	06:57	06:54
117027681	C	S	MTWRF	08:22	-	08:15	08:13	08:11	08:07	-	08:04	08:01	07:58	07:56	07:54	07:52	-	-	07:49	07:47	-	-	07:44	07:41	07:39	07:37	07:34	07:32	07:30	07:27	07:25	07:23	07:19	07:17	07:14
117027680	C	S	MTWRF	08:42	-	08:35	08:33	08:31	08:27	-	08:24	08:21	08:18	08:16	08:14	08:12	-	-	08:09	08:07	-	-	08:04	08:01	07:59	07:57	07:54	07:52	07:50	07:47	07:45	07:43	07:39	07:37	07:34
117027679	C	S	MTWRF	09:02	-	08:55	08:53	08:51	08:47	-	08:44	08:41	08:38	08:36	08:34	08:32	-	-	08:29	08:27	-	-	08:24	08:21	08:19	08:17	08:14	08:12	08:10	08:07	08:05	08:03	07:59	07:57	07:54
117027678	C	S	MTWRF	09:22	-	09:15	09:13	09:11	09:07	-	09:04	09:01	08:58	08:56	08:54	08:52	-	-	08:49	08:47	-	-	08:44	08:41	08:39	08:37	08:34	08:32	08:30	08:27	08:25	08:23	08:19	08:17	08:14
117027677	C	S	MTWRF	09:42	-	09:35	09:33	09:31	09:27	-	09:24	09:21	09:18	09:16	09:14	09:12	-	-	09:09	09:07	-	-	09:04	09:01	08:59	08:57	08:54	08:52	08:50	08:47	08:45	08:43	08:39	08:37	08:34
117027676	C	S	MTWRF	10:02	-	09:55	09:53	09:51	09:47	-	09:44	09:41	09:38	09:36	09:34	09:32	-	-	09:29	09:27	-	-	09:24	09:21	09:19	09:17	09:14	09:12	09:10	09:07	09:05	09:03	08:59	08:57	08:54
117027675	C	S	MTWRF	10:22	-	10:15	10:13	10:11	10:07	-	10:04	10:01	09:58	09:56	09:54	09:52	-	-	09:49	09:47	-	-	09:44	09:41	09:39	09:37	09:34	09:32	09:30	09:27	09:25	09:23	09:19	09:17	09:14
117027674	C	S	MTWRF	10:42	-	10:35	10:33	10:31	10:27	-	10:24	10:21	10:18	10:16	10:14	10:12	-	-	10:09	10:07	-	-	10:04	10:01	09:59	09:57	09:54	09:52	09:50	09:47	09:45	09:43	09:39	09:37	09:34
117027673	C	S	MTWRF	11:02	-	10:55	10:53	10:51	10:47	-	10:44	10:41	10:38	10:36	10:34	10:32	-	-	10:29	10:27	-	-	10:24	10:21	10:19	10:17	10:14	10:12	10:10	10:07	10:05	10:03	09:59	09:57	09:54
117027672	C	S	MTWRF	11:22	-	11:15	11:13	11:11	11:07	-	11:04	11:01	10:58	10:56	10:54	10:52	-	-	10:49	10:47	-	-	10:44	10:41	10:39	10:37	10:34	10:32	10:30	10:27	10:25	10:23	10:19	10:17	10:14
117027671	C	S	MTWRF	11:42	-	11:35	11:33	11:31	11:27	-	11:24	11:21	11:18	11:16	11:14	11:12	-	-	11:09	11:07	-	-	11:04	11:01	10:59	10:57	10:54	10:52	10:50	10:47	10:45	10:43	10:39	10:37	10:34
117027670	C	S	MTWRF	12:02	-	11:55	11:53	11:51	11:47	-	11:44	11:41	11:38	11:36	11:34	11:32	-	-	11:29	11:27	-	-	11:24	11:21	11:19	11:17	11:14	11:12	11:10	11:07	11:05	11:03	10:59	10:57	10:54
117027669	C	S	MTWRF	12:22	-	12:15	12:13	12:11	12:07	-	12:04	12:01	11:58	11:56	11:54	11:52	-	-	11:49	11:47	-	-	11:44	11:41	11:39	11:37	11:34	11:32	11:30	11:27	11:25	11:23	11:19	11:17	11:14
117027668	C	S	MTWRF	12:42	-	12:35	12:33	12:31	12:27	-	12:24	12:21	12:18	12:16	12:14	12:12	-	-	12:09	12:07	-	-	12:04	12:01	11:59	11:57	11:54	11:52	11:50	11:47	11:45	11:43	11:39	11:37	11:34
117027667	C	S	MTWRF	13:02	-	12:55	12:53	12:51	12:47	-	12:44	12:41	12:38	12:36	12:34	12:32	-	-	12:29	12:27	-	-	12:24	12:21	12:19	12:17	12:14	12:12	12:10	12:07	12:05	12:03	11:59	11:57	11:54
117027666	C	S	MTWRF	13:22	-	13:15	13:13	13:11	13:07	-	13:04	13:01	12:58	12:56	12:54	12:52	-	-	12:49	12:47	-	-	12:44	12:41	12:39	12:37	12:34	12:32	12:30	12:27	12:25	12:23	12:19	12:17	12:14
117027665	C	S	MTWRF	13:42	-	13:35	13:33	13:31	13:27	-	13:24	13:21	13:18	13:16	13:14	13:12	-	-	13:09	13:07	-	-	13:04	13:01	12:59	12:57	12:54	12:52	12:50	12:47	12:45	12:43	12:39	12:37	12:34
117027664	C	S	MTWRF	14:02	-	13:55	13:53	13:51	13:47	-	13:44	13:41	13:38	13:36	13:34	13:32	-	-	13:29	13:27	-	-	13:24	13:21	13:19	13:17	13:14	13:12	13:10	13:07	13:05	13:03	12:59	12:57	12:54
117027663	C	S	MTWRF	14:22	-	14:15	14:13	14:11	14:07	-	14:04	14:01	13:58	13:56	13:54	13:52	-	-	13:49	13:47	-	-	13:44	13:41	13:39	13:37	13:34	13:32	13:30	13:27	13:25	13:23	13:19	13:17	13:14
117027662	C	S	MTWRF	14:42	-	14:35	14:33	14:31	14:27	-	14:24	14:21	14:18	14:16	14:14	14:12	-	-	14:09	14:07	-	-	14:04	14:01	13:59	13:57	13:54	13:52	13:50	13:47	13:45	13:43	13:39	13:37	13:34
117027661	C	S	MTWRF	15:02	-	14:55	14:53	14:51	14:47	-	14:44	14:41	14:38	14:36	14:34	14:32	-	-	14:29	14:27	-	-	14:24	14:21	14:19	14:17	14:14	14:12	14:10	14:07	14:05	14:03	13:59	13:57	13:54
117027660	C	S	MTWRF	15:22	-	15:15	15:13	15:11	15:07	-	15:04	15:01	14:58	14:56	14:54	14:52	-	-	14:49	14:47	-	-	14:44	14:41	14:39	14:37	14:34	14:32	14:30	14:27	14:25	14:23	14:19	14:17	14:14
117027659	C	S	MTWRF	15:42	-	15:35	15:33	15:31	15:27	-	15:24	15:21	15:18	15:16	15:14	15:12	-	-	15:09	15:07	-	-	15:04	15:01	14:59	14:57	14:54	14:52	14:50	14:47	14:45	14:43	14:39	14:37	14:34
117027658	C	S	MTWRF	16:02	-	15:55	15:53	15:51	15:47	-	15:44	15:41	15:38	15:36	15:34	15:32	-	-	15:29	15:27	-	-	15:24	15:21	15:19	15:17	15:14	15:12	15:10	15:07	15:05	15:03	14:59	14:57	14:54
117027657	C	S	MTWRF	16:22	-	16:15	16:13	16:11	16:07	-	16:04	16:01	15:58	15:56	15:54	15:52	-	-	15:49	15:47	-	-	15:44	15:41	15:39	15:37	15:34	15:32	15:30	15:27	15:25	15:23	15:19	15:17	15:14
117027656	C	S	MTWRF	16:42	-	16:35	16:33	16:31	16:27	-	16:24	16:21	16:18	16:16	16:14	16:12	-	-	16:09	16:07	-	-	16:04	16:01	15:59	15:57	15:54	15:52	15:50	15:47	15:45	15:43	15:39	15:37	15:34
117027655	C	S	MTWRF	17:02	-	16:55	16:53	16:51	16:47	-	16:44	16:41	16:38	16:36	16:34	16:32	-	-	16:29	16:27	-	-	16:24	16:21	16:19	16:17	16:14	16:12	16:10	16:07	16:05	16:03	15:59	15:57	15:54
117027654	C	S	MTWRF	17:22	-	17:15	17:13	17:11	17:07	-	17:04	17:01	16:58	16:56	16:54	16:52	-	-	16:49	16:47	-	-	16:44	16:41	16:39	16:37	16:34	16:32	16:30	16:27	16:25	16:23	16:19	16:17	16:14
117027653	C	S	MTWRF	17:42	-	17:35	17:33	17:31	17:27	-	17:24	17:21	17:18	17:16	17:14	17:12	-	-	17:09	17:07	-	-	17:04	17:01	16:59	16:57	16:54	16:52	16:50	16:47	16:45	16:43	16:39	16:37	16:34
117027652	C	S	MTWRF	18:02	-	17:55	17:53	17:51	17:47	-	17:44	17:41	17:38	17:36	17:34	17:32	-	-	17:29	17:27	-	-	17:24	17:21	17:19	17:17	17:14	17:12	17:10	17:07	17:05	17:03	16:59	16:57	16:54
117027651	C	S	MTWRF	18:22	-	18:15	18:13	18:11	18:07	-	18:04	18:01	17:58	17:56	17:54	17:52	-	-	17:49	17:47	-	-	17:44	17:41	17:39	17:37	17:34	17:32	17:30	17:27	17:25	17:23	17:19	17:17	17:14
117027650	C	S	MTWRF	18:42	-	18:35	18:33	18:31	18:27	-	18:24	18:21	18:18	18:16	18:14	18:12	-	-	18:09	18:07	-	-	18:04	18:01	17:59	17:57	17:54	17:52	17:50	17:47	17:45	17:43	17:39	17:37	17:34
117027649	C	S	MTWRF	19:02	-	18:55	18:53	18:51	18:47	-	18:44	18:41	18:38	18:36	18:34	18:32	-	-	18:29	18:27	-	-	18:24	18:21	18:19	18:17	18:14	18:12	18:10	18:07	18:05	18:03	17:59	17:57	17:54
117027648	C	S	MTWRF	19:22	-	19:15	19:13	19:11	19:07	-	19:04	19:01	18:58	18:56	18:54	18:52	-	-	18:49	18:47	-	-	18:44	18:41	18:39	18:37	18:34	18:32	18:30	18:27	18:25	18:23	18:19	18:17	18:14
117027647	C	S	MTWRF	19:42	-	19:35	19:33	19:31	19:27	-	19:24	19:21	19:18	19:16	19:14	19:12	-	-	19:09	19:07	-	-	19:04	19:01	18:59	18:57	18:54	18:52	18:50	18:47	18:45	18:43	18:39	18:37	18:34
117027646	C	S	MTWRF	20:02	-	19:55	19:53	19:51	19:47	-	19:44	19:41	19:38	19:36	19:34	19:32	-	-	19:29	19:27	-	-	19:24	19:21	19:19	19:17	19:14	19:12	19:10	19:07	19:05	19:03	18:59	18:57	18:54
117027645	C	S	F	20:22	-	20:15	20:13	20:11	20:07	-	20:04	20:01	19:58	19:56	19:54	19:52	-	-	19:49	19:47	-	-	19:44	19:41	19:39	19:37	19:34	19:32	19:30	19:27	19:25	19:23	19:19	19:17	19:14
117027644	C	S	F	20:42	-	20:35	20:33	20:31	20:27	-	20:24	20:21	20:18	20:16	20:14	20:12	-	-	20:09	20:07	-	-	20:04	20:01	19:59	19:57	19:54	19:52	19:50	19:47	19:45	19:43	19:39	19:37	19:34
117027643	C	S	F	21:02	-	20:55	20:53	20:51	20:47	-	20:44	20:41	20:38	20:36	20:34	20:32	-	-	20:29	20:27	-	-	20:24	20:21	20:19	20:17	20:14	20:12	20:10	20:07	20:05	20:03	19:59	19:57	19:54
117027642	C	S	F	21:22	-	21:15	21:13	21:11	21:07	-	21:04	21:01	20:58	20:56	20:54	20:52	-	-	20:49	20:47	-	-	20:44	20:41	20:39	20:37	20:34	20:32	20:30	20:27	20:25	20:23	20:19	20:17	20:14
117027640	C	S	MTWR	-	-	-	-	-	-	-	-	-	-	-	-	-	-	-	-	-	-	-	-	-	-	19:37	19:34	19:32	19:30	19:27	19:25	19:23	19:19	19:17	19:14
117027639	C	S	MTWR	-	-	-	-	-	-	-	-	-	-	-	-	-	-	-	-	-	-	-	-	-	-	19:57	19:54	19:52	19:50	19:47	19:45	19:43	19:39	19:37	19:34
117027638	C	S	MTWR	-	-	-	-	-	-	-	-	-	-	-	-	-	-	-	-	-	-	-	-	-	-	20:17	20:14	20:12	20:10	20:07	20:05	20:03	19:59	19:57	19:54
117027630	C	S	MTWRFSU	25:00	24:55	24:53	24:50	24:48	24:45	24:42	24:40	24:36	24:34	24:32	24:30	24:27	24:25	24:24	24:22	24:21	24:19	24:17	24:16	24:13	24:11	24:09	24:06	24:04	24:02	23:59	23:57	23:55	23:51	23:49	23:46
117027629	C	S	MTWRFSU	25:20	25:15	25:13	25:10	25:08	25:05	25:02	25:00	24:56	24:54	24:52	24:50	24:47	24:45	24:44	24:42	24:41	24:39	24:37	24:36	24:33	24:31	24:29	24:26	24:24	24:22	24:19	24:17	24:15	24:11	24:09	24:06
117027628	C	S	FS	25:40	25:35	25:33	25:30	25:28	25:25	25:22	25:20	25:16	25:14	25:12	25:10	25:07	25:05	25:04	25:02	25:01	24:59	24:57	24:56	24:53	24:51	24:49	24:46	24:44	24:42	24:39	24:37	24:35	24:31	24:29	24:26
117027627	C	S	FS	26:00	25:55	25:53	25:50	25:48	25:45	25:42	25:40	25:36	25:34	25:32	25:30	25:27	25:25	25:24	25:22	25:21	25:19	25:17	25:16	25:13	25:11	25:09	25:06	25:04	25:02	24:59	24:57	24:55	24:51	24:49	24:46
117027626	C	S	SU	08:00	07:55	07:53	07:50	07:48	07:45	07:42	07:40	07:36	07:34	07:32	07:30	07:27	07:25	07:24	07:22	07:21	07:19	07:17	07:16	07:13	07:11	07:09	07:06	07:04	07:02	06:59	06:57	06:55	06:51	06:49	06:46
117027625	C	S	SU	09:00	08:55	08:53	08:50	08:48	08:45	08:42	08:40	08:36	08:34	08:32	08:30	08:27	08:25	08:24	08:22	08:21	08:19	08:17	08:16	08:13	08:11	08:09	08:06	08:04	08:02	07:59	07:57	07:55	07:51	07:49	07:46
117027624	C	S	SU	09:20	09:15	09:13	09:10	09:08	09:05	09:02	09:00	08:56	08:54	08:52	08:50	08:47	08:45	08:44	08:42	08:41	08:39	08:37	08:36	08:33	08:31	08:29	08:26	08:24	08:22	08:19	08:17	08:15	08:11	08:09	08:06
117027623	C	S	SU	09:40	09:35	09:33	09:30	09:28	09:25	09:22	09:20	09:16	09:14	09:12	09:10	09:07	09:05	09:04	09:02	09:01	08:59	08:57	08:56	08:53	08:51	08:49	08:46	08:44	08:42	08:39	08:37	08:35	08:31	08:29	08:26
117027622	C	S	SU	10:00	09:55	09:53	09:50	09:48	09:45	09:42	09:40	09:36	09:34	09:32	09:30	09:27	09:25	09:24	09:22	09:21	09:19	09:17	09:16	09:13	09:11	09:09	09:06	09:04	09:02	08:59	08:57	08:55	08:51	08:49	08:46
117027621	C	S	SU	10:20	10:15	10:13	10:10	10:08	10:05	10:02	10:00	09:56	09:54	09:52	09:50	09:47	09:45	09:44	09:42	09:41	09:39	09:37	09:36	09:33	09:31	09:29	09:26	09:24	09:22	09:19	09:17	09:15	09:11	09:09	09:06
117027620	C	S	SU	10:40	10:35	10:33	10:30	10:28	10:25	10:22	10:20	10:16	10:14	10:12	10:10	10:07	10:05	10:04	10:02	10:01	09:59	09:57	09:56	09:53	09:51	09:49	09:46	09:44	09:42	09:39	09:37	09:35	09:31	09:29	09:26
117027619	C	S	SU	11:00	10:55	10:53	10:50	10:48	10:45	10:42	10:40	10:36	10:34	10:32	10:30	10:27	10:25	10:24	10:22	10:21	10:19	10:17	10:16	10:13	10:11	10:09	10:06	10:04	10:02	09:59	09:57	09:55	09:51	09:49	09:46
117027618	C	S	SU	11:20	11:15	11:13	11:10	11:08	11:05	11:02	11:00	10:56	10:54	10:52	10:50	10:47	10:45	10:44	10:42	10:41	10:39	10:37	10:36	10:33	10:31	10:29	10:26	10:24	10:22	10:19	10:17	10:15	10:11	10:09	10:06
117027617	C	S	SU	11:40	11:35	11:33	11:30	11:28	11:25	11:22	11:20	11:16	11:14	11:12	11:10	11:07	11:05	11:04	11:02	11:01	10:59	10:57	10:56	10:53	10:51	10:49	10:46	10:44	10:42	10:39	10:37	10:35	10:31	10:29	10:26
117027616	C	S	SU	12:00	11:55	11:53	11:50	11:48	11:45	11:42	11:40	11:36	11:34	11:32	11:30	11:27	11:25	11:24	11:22	11:21	11:19	11:17	11:16	11:13	11:11	11:09	11:06	11:04	11:02	10:59	10:57	10:55	10:51	10:49	10:46
117027615	C	S	SU	12:20	12:15	12:13	12:10	12:08	12:05	12:02	12:00	11:56	11:54	11:52	11:50	11:47	11:45	11:44	11:42	11:41	11:39	11:37	11:36	11:33	11:31	11:29	11:26	11:24	11:22	11:19	11:17	11:15	11:11	11:09	11:06
117027614	C	S	SU	12:40	12:35	12:33	12:30	12:28	12:25	12:22	12:20	12:16	12:14	12:12	12:10	12:07	12:05	12:04	12:02	12:01	11:59	11:57	11:56	11:53	11:51	11:49	11:46	11:44	11:42	11:39	11:37	11:35	11:31	11:29	11:26
117027613	C	S	SU	13:00	12:55	12:53	12:50	12:48	12:45	12:42	12:40	12:36	12:34	12:32	12:30	12:27	12:25	12:24	12:22	12:21	12:19	12:17	12:16	12:13	12:11	12:09	12:06	12:04	12:02	11:59	11:57	11:55	11:51	11:49	11:46
117027612	C	S	SU	13:20	13:15	13:13	13:10	13:08	13:05	13:02	13:00	12:56	12:54	12:52	12:50	12:47	12:45	12:44	12:42	12:41	12:39	12:37	12:36	12:33	12:31	12:29	12:26	12:24	12:22	12:19	12:17	12:15	12:11	12:09	12:06
117027611	C	S	SU	13:40	13:35	13:33	13:30	13:28	13:25	13:22	13:20	13:16	13:14	13:12	13:10	13:07	13:05	13:04	13:02	13:01	12:59	12:57	12:56	12:53	12:51	12:49	12:46	12:44	12:42	12:39	12:37	12:35	12:31	12:29	12:26
117027610	C	S	SU	14:00	13:55	13:53	13:50	13:48	13:45	13:42	13:40	13:36	13:34	13:32	13:30	13:27	13:25	13:24	13:22	13:21	13:19	13:17	13:16	13:13	13:11	13:09	13:06	13:04	13:02	12:59	12:57	12:55	12:51	12:49	12:46
117027609	C	S	SU	14:20	14:15	14:13	14:10	14:08	14:05	14:02	14:00	13:56	13:54	13:52	13:50	13:47	13:45	13:44	13:42	13:41	13:39	13:37	13:36	13:33	13:31	13:29	13:26	13:24	13:22	13:19	13:17	13:15	13:11	13:09	13:06
117027608	C	S	SU	14:40	14:35	14:33	14:30	14:28	14:25	14:22	14:20	14:16	14:14	14:12	14:10	14:07	14:05	14:04	14:02	14:01	13:59	13:57	13:56	13:53	13:51	13:49	13:46	13:44	13:42	13:39	13:37	13:35	13:31	13:29	13:26
117027607	C	S	SU	15:00	14:55	14:53	14:50	14:48	14:45	14:42	14:40	14:36	14:34	14:32	14:30	14:27	14:25	14:24	14:22	14:21	14:19	14:17	14:16	14:13	14:11	14:09	14:06	14:04	14:02	13:59	13:57	13:55	13:51	13:49	13:46
117027606	C	S	SU	15:20	15:15	15:13	15:10	15:08	15:05	15:02	15:00	14:56	14:54	14:52	14:50	14:47	14:45	14:44	14:42	14:41	14:39	14:37	14:36	14:33	14:31	14:29	14:26	14:24	14:22	14:19	14:17	14:15	14:11	14:09	14:06
117027605	C	S	SU	15:40	15:35	15:33	15:30	15:28	15:25	15:22	15:20	15:16	15:14	15:12	15:10	15:07	15:05	15:04	15:02	15:01	14:59	14:57	14:56	14:53	14:51	14:49	14:46	14:44	14:42	14:39	14:37	14:35	14:31	14:29	14:26
117027604	C	S	SU	16:00	15:55	15:53	15:50	15:48	15:45	15:42	15:40	15:36	15:34	15:32	15:30	15:27	15:25	15:24	15:22	15:21	15:19	15:17	15:16	15:13	15:11	15:09	15:06	15:04	15:02	14:59	14:57	14:55	14:51	14:49	14:46
117027603	C	S	SU	16:20	16:15	16:13	16:10	16:08	16:05	16:02	16:00	15:56	15:54	15:52	15:50	15:47	15:45	15:44	15:42	15:41	15:39	15:37	15:36	15:33	15:31	15:29	15:26	15:24	15:22	15:19	15:17	15:15	15:11	15:09	15:06
117027602	C	S	SU	16:40	16:35	16:33	16:30	16:28	16:25	16:22	16:20	16:16	16:14	16:12	16:10	16:07	16:05	16:04	16:02	16:01	15:59	15:57	15:56	15:53	15:51	15:49	15:46	15:44	15:42	15:39	15:37	15:35	15:31	15:29	15:26
117027601	C	S	SU	17:00	16:55	16:53	16:50	16:48	16:45	16:42	16:40	16:36	16:34	16:32	16:30	16:27	16:25	16:24	16:22	16:21	16:19	16:17	16:16	16:13	16:11	16:09	16:06	16:04	16:02	15:59	15:57	15:55	15:51	15:49	15:46
117027600	C	S	SU	17:20	17:15	17:13	17:10	17:08	17:05	17:02	17:00	16:56	16:54	16:52	16:50	16:47	16:45	16:44	16:42	16:41	16:39	16:37	16:36	16:33	16:31	16:29	16:26	16:24	16:22	16:19	16:17	16:15	16:11	16:09	16:06
117027599	C	S	SU	17:40	17:35	17:33	17:30	17:28	17:25	17:22	17:20	17:16	17:14	17:12	17:10	17:07	17:05	17:04	17:02	17:01	16:59	16:57	16:56	16:53	16:51	16:49	16:46	16:44	16:42	16:39	16:37	16:35	16:31	16:29	16:26
117027598	C	S	SU	18:00	17:55	17:53	17:50	17:48	17:45	17:42	17:40	17:36	17:34	17:32	17:30	17:27	17:25	17:24	17:22	17:21	17:19	17:17	17:16	17:13	17:11	17:09	17:06	17:04	17:02	16:59	16:57	16:55	16:51	16:49	16:46
117027597	C	S	SU	18:20	18:15	18:13	18:10	18:08	18:05	18:02	18:00	17:56	17:54	17:52	17:50	17:47	17:45	17:44	17:42	17:41	17:39	17:37	17:36	17:33	17:31	17:29	17:26	17:24	17:22	17:19	17:17	17:15	17:11	17:09	17:06
117027596	C	S	SU	18:40	18:35	18:33	18:30	18:28	18:25	18:22	18:20	18:16	18:14	18:12	18:10	18:07	18:05	18:04	18:02	18:01	17:59	17:57	17:56	17:53	17:51	17:49	17:46	17:44	17:42	17:39	17:37	17:35	17:31	17:29	17:26
117027595	C	S	SU	19:00	18:55	18:53	18:50	18:48	18:45	18:42	18:40	18:36	18:34	18:32	18:30	18:27	18:25	18:24	18:22	18:21	18:19	18:17	18:16	18:13	18:11	18:09	18:06	18:04	18:02	17:59	17:57	17:55	17:51	17:49	17:46
117027594	C	S	MTWRFSU	19:20	19:15	19:13	19:10	19:08	19:05	19:02	19:00	18:56	18:54	18:52	18:50	18:47	18:45	18:44	18:42	18:41	18:39	18:37	18:36	18:33	18:31	18:29	18:26	18:24	18:22	18:19	18:17	18:15	18:11	18:09	18:06
117027593	C	S	MTWRFSU	19:40	19:35	19:33	19:30	19:28	19:25	19:22	19:20	19:16	19:14	19:12	19:10	19:07	19:05	19:04	19:02	19:01	18:59	18:57	18:56	18:53	18:51	18:49	18:46	18:44	18:42	18:39	18:37	18:35	18:31	18:29	18:26
117027592	C	S	MTWRFSU	20:00	19:55	19:53	19:50	19:48	19:45	19:42	19:40	19:36	19:34	19:32	19:30	19:27	19:25	19:24	19:22	19:21	19:19	19:17	19:16	19:13	19:11	19:09	19:06	19:04	19:02	18:59	18:57	18:55	18:51	18:49	18:46
117027591	C	S	MTWRFSU	20:20	20:15	20:13	20:10	20:08	20:05	20:02	20:00	19:56	19:54	19:52	19:50	19:47	19:45	19:44	19:42	19:41	19:39	19:37	19:36	19:33	19:31	19:29	19:26	19:24	19:22	19:19	19:17	19:15	19:11	19:09	19:06
117027590	C	S	MTWRFSU	20:40	20:35	20:33	20:30	20:28	20:25	20:22	20:20	20:16	20:14	20:12	20:10	20:07	20:05	20:04	20:02	20:01	19:59	19:57	19:56	19:53	19:51	19:49	19:46	19:44	19:42	19:39	19:37	19:35	19:31	19:29	19:26
117027589	C	S	MTWRFSU	21:00	20:55	20:53	20:50	20:48	20:45	20:42	20:40	20:36	20:34	20:32	20:30	20:27	20:25	20:24	20:22	20:21	20:19	20:17	20:16	20:13	20:11	20:09	20:06	20:04	20:02	19:59	19:57	19:55	19:51	19:49	19:46
117027588	C	S	MTWRFSU	21:20	21:15	21:13	21:10	21:08	21:05	21:02	21:00	20:56	20:54	20:52	20:50	20:47	20:45	20:44	20:42	20:41	20:39	20:37	20:36	20:33	20:31	20:29	20:26	20:24	20:22	20:19	20:17	20:15	20:11	20:09	20:06
117027587	C	S	MTWRFSU	21:40	21:35	21:33	21:30	21:28	21:25	21:22	21:20	21:16	21:14	21:12	21:10	21:07	21:05	21:04	21:02	21:01	20:59	20:57	20:56	20:53	20:51	20:49	20:46	20:44	20:42	20:39	20:37	20:35	20:31	20:29	20:26
117027586	C	S	MTWRFSU	22:00	21:55	21:53	21:50	21:48	21:45	21:42	21:40	21:36	21:34	21:32	21:30	21:27	21:25	21:24	21:22	21:21	21:19	21:17	21:16	21:13	21:11	21:09	21:06	21:04	21:02	20:59	20:57	20:55	20:51	20:49	20:46
117027585	C	S	MTWRFSU	22:20	22:15	22:13	22:10	22:08	22:05	22:02	22:00	21:56	21:54	21:52	21:50	21:47	21:45	21:44	21:42	21:41	21:39	21:37	21:36	21:33	21:31	21:29	21:26	21:24	21:22	21:19	21:17	21:15	21:11	21:09	21:06
117027584	C	S	MTWRFSU	22:40	22:35	22:33	22:30	22:28	22:25	22:22	22:20	22:16	22:14	22:12	22:10	22:07	22:05	22:04	22:02	22:01	21:59	21:57	21:56	21:53	21:51	21:49	21:46	21:44	21:42	21:39	21:37	21:35	21:31	21:29	21:26
117027583	C	S	MTWRFSU	23:00	22:55	22:53	22:50	22:48	22:45	22:42	22:40	22:36	22:34	22:32	22:30	22:27	22:25	22:24	22:22	22:21	22:19	22:17	22:16	22:13	22:11	22:09	22:06	22:04	22:02	21:59	21:57	21:55	21:51	21:49	21:46
117027582	C	S	MTWRFSU	23:20	23:15	23:13	23:10	23:08	23:05	23:02	23:00	22:56	22:54	22:52	22:50	22:47	22:45	22:44	22:42	22:41	22:39	22:37	22:36	22:33	22:31	22:29	22:26	22:24	22:22	22:19	22:17	22:15	22:11	22:09	22:06
117027581	C	S	MTWRFSU	23:40	23:35	23:33	23:30	23:28	23:25	23:22	23:20	23:16	23:14	23:12	23:10	23:07	23:05	23:04	23:02	23:01	22:59	22:57	22:56	22:53	22:51	22:49	22:46	22:44	22:42	22:39	22:37	22:35	22:31	22:29	22:26
117027580	C	S	MTWRFSU	24:00	23:55	23:53	23:50	23:48	23:45	23:42	23:40	23:36	23:34	23:32	23:30	23:27	23:25	23:24	23:22	23:21	23:19	23:17	23:16	23:13	23:11	23:09	23:06	23:04	23:02	22:59	22:57	22:55	22:51	22:49	22:46
117027579	C	S	MTWRFSU	24:20	24:15	24:13	24:10	24:08	24:05	24:02	24:00	23:56	23:54	23:52	23:50	23:47	23:45	23:44	23:42	23:41	23:39	23:37	23:36	23:33	23:31	23:29	23:26	23:24	23:22	23:19	23:17	23:15	23:11	23:09	23:06
117027578	C	S	MTWRFSU	24:40	24:35	24:33	24:30	24:28	24:25	24:22	24:20	24:16	24:14	24:12	24:10	24:07	24:05	24:04	24:02	24:01	23:59	23:57	23:56	23:53	23:51	23:49	23:46	23:44	23:42	23:39	23:37	23:35	23:31	23:29	23:26
117027637	C	S	MTWRU	-	-	-	-	-	-	-	-	-	-	-	-	-	-	-	-	-	-	-	-	-	-	24:49	24:46	24:44	24:42	24:39	24:37	24:35	24:31	24:29	24:26
117027575	C	S	SU	08:30	08:25	08:23	08:20	08:18	08:15	08:12	08:10	08:06	08:04	08:02	08:00	07:57	07:55	07:54	07:52	07:51	07:49	07:47	07:46	07:43	07:41	07:39	07:36	07:34	07:32	07:29	07:27	07:25	07:21	07:19	07:16
117027505	C	S	SU	10:50	10:45	10:43	10:40	10:38	10:35	10:32	10:30	10:26	10:24	10:22	10:20	10:17	10:15	10:14	10:12	10:11	10:09	10:07	10:06	10:03	10:01	09:59	-	-	-	-	-	-	-	-	-
117027574	C	S	SU	11:10	11:05	11:03	11:00	10:58	10:55	10:52	10:50	10:46	10:44	10:42	10:40	10:37	10:35	10:34	10:32	10:31	10:29	10:27	10:26	10:23	10:21	10:19	10:16	10:14	10:12	10:09	10:07	10:05	10:01	09:59	09:56
117027573	C	S	SU	11:30	11:25	11:23	11:20	11:18	11:15	11:12	11:10	11:06	11:04	11:02	11:00	10:57	10:55	10:54	10:52	10:51	10:49	10:47	10:46	10:43	10:41	10:39	10:36	10:34	10:32	10:29	10:27	10:25	10:21	10:19	10:16
117027572	C	S	SU	11:50	11:45	11:43	11:40	11:38	11:35	11:32	11:30	11:26	11:24	11:22	11:20	11:17	11:15	11:14	11:12	11:11	11:09	11:07	11:06	11:03	11:01	10:59	10:56	10:54	10:52	10:49	10:47	10:45	10:41	10:39	10:36
117027571	C	S	SU	12:10	12:05	12:03	12:00	11:58	11:55	11:52	11:50	11:46	11:44	11:42	11:40	11:37	11:35	11:34	11:32	11:31	11:29	11:27	11:26	11:23	11:21	11:19	11:16	11:14	11:12	11:09	11:07	11:05	11:01	10:59	10:56
117027570	C	S	SU	12:30	12:25	12:23	12:20	12:18	12:15	12:12	12:10	12:06	12:04	12:02	12:00	11:57	11:55	11:54	11:52	11:51	11:49	11:47	11:46	11:43	11:41	11:39	11:36	11:34	11:32	11:29	11:27	11:25	11:21	11:19	11:16
117027569	C	S	SU	12:50	12:45	12:43	12:40	12:38	12:35	12:32	12:30	12:26	12:24	12:22	12:20	12:17	12:15	12:14	12:12	12:11	12:09	12:07	12:06	12:03	12:01	11:59	11:56	11:54	11:52	11:49	11:47	11:45	11:41	11:39	11:36
117027568	C	S	SU	13:10	13:05	13:03	13:00	12:58	12:55	12:52	12:50	12:46	12:44	12:42	12:40	12:37	12:35	12:34	12:32	12:31	12:29	12:27	12:26	12:23	12:21	12:19	12:16	12:14	12:12	12:09	12:07	12:05	12:01	11:59	11:56
117027567	C	S	SU	13:30	13:25	13:23	13:20	13:18	13:15	13:12	13:10	13:06	13:04	13:02	13:00	12:57	12:55	12:54	12:52	12:51	12:49	12:47	12:46	12:43	12:41	12:39	12:36	12:34	12:32	12:29	12:27	12:25	12:21	12:19	12:16
117027566	C	S	SU	13:50	13:45	13:43	13:40	13:38	13:35	13:32	13:30	13:26	13:24	13:22	13:20	13:17	13:15	13:14	13:12	13:11	13:09	13:07	13:06	13:03	13:01	12:59	12:56	12:54	12:52	12:49	12:47	12:45	12:41	12:39	12:36
117027565	C	S	SU	14:10	14:05	14:03	14:00	13:58	13:55	13:52	13:50	13:46	13:44	13:42	13:40	13:37	13:35	13:34	13:32	13:31	13:29	13:27	13:26	13:23	13:21	13:19	13:16	13:14	13:12	13:09	13:07	13:05	13:01	12:59	12:56
117027564	C	S	SU	14:30	14:25	14:23	14:20	14:18	14:15	14:12	14:10	14:06	14:04	14:02	14:00	13:57	13:55	13:54	13:52	13:51	13:49	13:47	13:46	13:43	13:41	13:39	13:36	13:34	13:32	13:29	13:27	13:25	13:21	13:19	13:16
117027563	C	S	SU	14:50	14:45	14:43	14:40	14:38	14:35	14:32	14:30	14:26	14:24	14:22	14:20	14:17	14:15	14:14	14:12	14:11	14:09	14:07	14:06	14:03	14:01	13:59	13:56	13:54	13:52	13:49	13:47	13:45	13:41	13:39	13:36
117027562	C	S	SU	15:10	15:05	15:03	15:00	14:58	14:55	14:52	14:50	14:46	14:44	14:42	14:40	14:37	14:35	14:34	14:32	14:31	14:29	14:27	14:26	14:23	14:21	14:19	14:16	14:14	14:12	14:09	14:07	14:05	14:01	13:59	13:56
117027561	C	S	SU	15:30	15:25	15:23	15:20	15:18	15:15	15:12	15:10	15:06	15:04	15:02	15:00	14:57	14:55	14:54	14:52	14:51	14:49	14:47	14:46	14:43	14:41	14:39	14:36	14:34	14:32	14:29	14:27	14:25	14:21	14:19	14:16
117027560	C	S	SU	15:50	15:45	15:43	15:40	15:38	15:35	15:32	15:30	15:26	15:24	15:22	15:20	15:17	15:15	15:14	15:12	15:11	15:09	15:07	15:06	15:03	15:01	14:59	14:56	14:54	14:52	14:49	14:47	14:45	14:41	14:39	14:36
117027559	C	S	SU	16:10	16:05	16:03	16:00	15:58	15:55	15:52	15:50	15:46	15:44	15:42	15:40	15:37	15:35	15:34	15:32	15:31	15:29	15:27	15:26	15:23	15:21	15:19	15:16	15:14	15:12	15:09	15:07	15:05	15:01	14:59	14:56
117027558	C	S	SU	16:30	16:25	16:23	16:20	16:18	16:15	16:12	16:10	16:06	16:04	16:02	16:00	15:57	15:55	15:54	15:52	15:51	15:49	15:47	15:46	15:43	15:41	15:39	15:36	15:34	15:32	15:29	15:27	15:25	15:21	15:19	15:16
117027557	C	S	SU	16:50	16:45	16:43	16:40	16:38	16:35	16:32	16:30	16:26	16:24	16:22	16:20	16:17	16:15	16:14	16:12	16:11	16:09	16:07	16:06	16:03	16:01	15:59	15:56	15:54	15:52	15:49	15:47	15:45	15:41	15:39	15:36
117027556	C	S	SU	17:10	17:05	17:03	17:00	16:58	16:55	16:52	16:50	16:46	16:44	16:42	16:40	16:37	16:35	16:34	16:32	16:31	16:29	16:27	16:26	16:23	16:21	16:19	16:16	16:14	16:12	16:09	16:07	16:05	16:01	15:59	15:56
117027555	C	S	SU	17:30	17:25	17:23	17:20	17:18	17:15	17:12	17:10	17:06	17:04	17:02	17:00	16:57	16:55	16:54	16:52	16:51	16:49	16:47	16:46	16:43	16:41	16:39	16:36	16:34	16:32	16:29	16:27	16:25	16:21	16:19	16:16
117027554	C	S	SU	17:50	17:45	17:43	17:40	17:38	17:35	17:32	17:30	17:26	17:24	17:22	17:20	17:17	17:15	17:14	17:12	17:11	17:09	17:07	17:06	17:03	17:01	16:59	16:56	16:54	16:52	16:49	16:47	16:45	16:41	16:39	16:36
117027553	C	S	SU	18:10	18:05	18:03	18:00	17:58	17:55	17:52	17:50	17:46	17:44	17:42	17:40	17:37	17:35	17:34	17:32	17:31	17:29	17:27	17:26	17:23	17:21	17:19	17:16	17:14	17:12	17:09	17:07	17:05	17:01	16:59	16:56
117027552	C	S	SU	18:30	18:25	18:23	18:20	18:18	18:15	18:12	18:10	18:06	18:04	18:02	18:00	17:57	17:55	17:54	17:52	17:51	17:49	17:47	17:46	17:43	17:41	17:39	17:36	17:34	17:32	17:29	17:27	17:25	17:21	17:19	17:16
117027551	C	S	SU	18:50	18:45	18:43	18:40	18:38	18:35	18:32	18:30	18:26	18:24	18:22	18:20	18:17	18:15	18:14	18:12	18:11	18:09	18:07	18:06	18:03	18:01	17:59	17:56	17:54	17:52	17:49	17:47	17:45	17:41	17:39	17:36
117027550	C	S	SU	19:10	19:05	19:03	19:00	18:58	18:55	18:52	18:50	18:46	18:44	18:42	18:40	18:37	18:35	18:34	18:32	18:31	18:29	18:27	18:26	18:23	18:21	18:19	18:16	18:14	18:12	18:09	18:07	18:05	18:01	17:59	17:56
117027549	C	S	SU	19:30	19:25	19:23	19:20	19:18	19:15	19:12	19:10	19:06	19:04	19:02	19:00	18:57	18:55	18:54	18:52	18:51	18:49	18:47	18:46	18:43	18:41	18:39	18:36	18:34	18:32	18:29	18:27	18:25	18:21	18:19	18:16
117027548	C	S	SU	19:50	19:45	19:43	19:40	19:38	19:35	19:32	19:30	19:26	19:24	19:22	19:20	19:17	19:15	19:14	19:12	19:11	19:09	19:07	19:06	19:03	19:01	18:59	18:56	18:54	18:52	18:49	18:47	18:45	18:41	18:39	18:36
117027547	C	S	S	20:10	20:05	20:03	20:00	19:58	19:55	19:52	19:50	19:46	19:44	19:42	19:40	19:37	19:35	19:34	19:32	19:31	19:29	19:27	19:26	19:23	19:21	19:19	19:16	19:14	19:12	19:09	19:07	19:05	19:01	18:59	18:56
117027546	C	S	S	20:30	20:25	20:23	20:20	20:18	20:15	20:12	20:10	20:06	20:04	20:02	20:00	19:57	19:55	19:54	19:52	19:51	19:49	19:47	19:46	19:43	19:41	19:39	19:36	19:34	19:32	19:29	19:27	19:25	19:21	19:19	19:16
117027632	C	S	U	-	-	-	-	-	-	-	-	-	-	-	-	-	-	-	-	-	-	-	-	-	-	19:19	19:16	19:14	19:12	19:09	19:07	19:05	19:01	18:59	18:56
117027504	C	S	FS	26:55	-	26:49	26:47	26:45	26:42	-	26:38	26:35	26:33	26:31	26:29	26:27	26:25	26:23	26:22	26:21	26:19	26:17	26:16	26:13	26:11	26:09	26:06	26:04	26:02	25:59	25:57	25:55	25:51	25:49	25:46
117027503	C	S	SU	03:55	-	03:49	03:47	03:45	03:42	-	03:38	03:35	03:33	03:31	03:29	03:27	03:25	03:23	03:22	03:21	03:19	03:17	03:16	03:13	03:11	03:09	03:06	03:04	03:02	02:59	02:57	02:55	02:51	02:49	02:46
117027502	C	S	SU	04:55	-	04:49	04:47	04:45	04:42	-	04:38	04:35	04:33	04:31	04:29	04:27	04:25	04:23	04:22	04:21	04:19	04:17	04:16	04:13	04:11	04:09	04:06	04:04	04:02	03:59	03:57	03:55	03:51	03:49	03:46
117027501	C	S	SU	05:55	-	05:49	05:47	05:45	05:42	-	05:38	05:35	05:33	05:31	05:29	05:27	05:25	05:23	05:22	05:21	05:19	05:17	05:16	05:13	05:11	05:09	05:06	05:04	05:02	04:59	04:57	04:55	04:51	04:49	04:46
117027500	C	S	SU	06:55	-	06:49	06:47	06:45	06:42	-	06:38	06:35	06:33	06:31	06:29	06:27	06:25	06:23	06:22	06:21	06:19	06:17	06:16	06:13	06:11	06:09	06:06	06:04	06:02	05:59	05:57	05:55	05:51	05:49	05:46
117027499	C	S	FS	26:25	-	26:19	26:17	26:15	26:12	-	26:08	26:05	26:03	26:01	25:59	25:57	25:55	25:53	25:52	25:51	25:49	25:47	25:46	25:43	25:41	25:39	25:36	25:34	25:32	25:29	25:27	25:25	25:21	25:19	25:16
117027498	C	S	SU	03:25	-	03:19	03:17	03:15	03:12	-	03:08	03:05	03:03	03:01	02:59	02:57	02:55	02:53	02:52	02:51	02:49	02:47	02:46	02:43	02:41	02:39	02:36	02:34	02:32	02:29	02:27	02:25	02:21	02:19	02:16
117027497	C	S	SU	04:25	-	04:19	04:17	04:15	04:12	-	04:08	04:05	04:03	04:01	03:59	03:57	03:55	03:53	03:52	03:51	03:49	03:47	03:46	03:43	03:41	03:39	03:36	03:34	03:32	03:29	03:27	03:25	03:21	03:19	03:16
117027496	C	S	SU	05:25	-	05:19	05:17	05:15	05:12	-	05:08	05:05	05:03	05:01	04:59	04:57	04:55	04:53	04:52	04:51	04:49	04:47	04:46	04:43	04:41	04:39	04:36	04:34	04:32	04:29	04:27	04:25	04:21	04:19	04:16
117027495	C	S	SU	06:25	-	06:19	06:17	06:15	06:12	-	06:08	06:05	06:03	06:01	05:59	05:57	05:55	05:53	05:52	05:51	05:49	05:47	05:46	05:43	05:41	05:39	05:36	05:34	05:32	05:29	05:27	05:25	05:21	05:19	05:16
117027494	C	S	SU	07:25	-	07:19	07:17	07:15	07:12	-	07:08	07:05	07:03	07:01	06:59	06:57	06:55	06:53	06:52	06:51	06:49	06:47	06:46	06:43	06:41	06:39	06:36	06:34	06:32	06:29	06:27	06:25	06:21	06:19	06:16
117027631	C	S	FS	-	-	-	-	-	-	-	-	-	-	-	-	-	-	-	-	-	-	-	-	-	-	25:59	25:56	25:54	25:52	25:49	25:47	25:45	25:41	25:39	25:36
117027430	C	N	MTWRF	-	-	-	-	-	-	-	-	-	-	-	-	-	-	-	-	-	-	-	-	-	-	04:51	04:52	04:54	04:57	04:59	05:01	05:03	05:06	05:08	05:11
117027429	C	N	MTWRF	-	-	-	-	-	-	-	-	-	-	-	-	-	-	-	-	-	-	-	-	-	-	05:11	05:12	05:14	05:17	05:19	05:21	05:23	05:26	05:28	05:31
117027428	C	N	MTWRF	-	-	-	-	-	-	-	-	-	-	-	-	-	-	-	-	-	-	-	-	-	-	05:31	05:32	05:34	05:37	05:39	05:41	05:43	05:46	05:48	05:51
117027427	C	N	MTWRF	-	-	-	-	-	-	-	-	-	-	-	-	-	-	-	-	-	-	-	-	-	-	05:51	05:52	05:54	05:57	05:59	06:01	06:03	06:06	06:08	06:11
117027426	C	N	MTWRF	-	-	-	-	-	-	-	-	-	-	-	-	-	-	-	-	-	-	-	-	-	-	06:11	06:12	06:14	06:17	06:19	06:21	06:23	06:26	06:28	06:31
117027422	C	N	MTWRF	05:43	05:46	05:49	05:52	05:54	05:57	06:00	06:02	06:05	06:08	06:09	06:12	06:14	-	-	06:17	06:19	-	-	06:23	06:25	06:27	06:31	06:32	06:34	06:37	06:39	06:41	06:43	06:46	06:48	06:51
117027421	C	N	MTWRF	06:03	06:06	06:09	06:12	06:14	06:17	06:20	06:22	06:25	06:28	06:29	06:32	06:34	-	-	06:37	06:39	-	-	06:43	06:45	06:47	06:51	06:52	06:54	06:57	06:59	07:01	07:03	07:06	07:08	07:11
117027420	C	N	MTWRF	06:23	06:26	06:29	06:32	06:34	06:37	06:40	06:42	06:45	06:48	06:49	06:52	06:54	-	-	06:57	06:59	-	-	07:03	07:05	07:07	07:11	07:12	07:14	07:17	07:19	07:21	07:23	07:26	07:28	07:31
117027419	C	N	MTWRF	06:43	06:46	06:49	06:52	06:54	06:57	07:00	07:02	07:05	07:08	07:09	07:12	07:14	-	-	07:17	07:19	-	-	07:23	07:25	07:27	07:31	07:32	07:34	07:37	07:39	07:41	07:43	07:46	07:48	07:51
117027418	C	N	MTWRF	07:03	07:06	07:09	07:12	07:14	07:17	07:20	07:22	07:25	07:28	07:29	07:32	07:34	-	-	07:37	07:39	-	-	07:43	07:45	07:47	07:51	07:52	07:54	07:57	07:59	08:01	08:03	08:06	08:08	08:11
117027417	C	N	MTWRF	07:23	07:26	07:29	07:32	07:34	07:37	07:40	07:42	07:45	07:48	07:49	07:52	07:54	-	-	07:57	07:59	-	-	08:03	08:05	08:07	08:11	08:12	08:14	08:17	08:19	08:21	08:23	08:26	08:28	08:31
117027416	C	N	MTWRF	07:43	07:46	07:49	07:52	07:54	07:57	08:00	08:02	08:05	08:08	08:09	08:12	08:14	-	-	08:17	08:19	-	-	08:23	08:25	08:27	08:31	08:32	08:34	08:37	08:39	08:41	08:43	08:46	08:48	08:51
117027415	C	N	MTWRF	08:03	08:06	08:09	08:12	08:14	08:17	08:20	08:22	08:25	08:28	08:29	08:32	08:34	-	-	08:37	08:39	-	-	08:43	08:45	08:47	08:51	08:52	08:54	08:57	08:59	09:01	09:03	09:06	09:08	09:11
117027414	C	N	MTWRF	08:23	08:26	08:29	08:32	08:34	08:37	08:40	08:42	08:45	08:48	08:49	08:52	08:54	-	-	08:57	08:59	-	-	09:03	09:05	09:07	09:11	09:12	09:14	09:17	09:19	09:21	09:23	09:26	09:28	09:31
117027413	C	N	MTWRF	08:43	08:46	08:49	08:52	08:54	08:57	09:00	09:02	09:05	09:08	09:09	09:12	09:14	-	-	09:17	09:19	-	-	09:23	09:25	09:27	09:31	09:32	09:34	09:37	09:39	09:41	09:43	09:46	09:48	09:51
117027412	C	N	MTWRF	09:03	09:06	09:09	09:12	09:14	09:17	09:20	09:22	09:25	09:28	09:29	09:32	09:34	-	-	09:37	09:39	-	-	09:43	09:45	09:47	09:51	09:52	09:54	09:57	09:59	10:01	10:03	10:06	10:08	10:11
117027411	C	N	MTWRF	09:23	09:26	09:29	09:32	09:34	09:37	09:40	09:42	09:45	09:48	09:49	09:52	09:54	-	-	09:57	09:59	-	-	10:03	10:05	10:07	10:11	10:12	10:14	10:17	10:19	10:21	10:23	10:26	10:28	10:31
117027410	C	N	MTWRF	09:43	09:46	09:49	09:52	09:54	09:57	10:00	10:02	10:05	10:08	10:09	10:12	10:14	-	-	10:17	10:19	-	-	10:23	10:25	10:27	10:31	10:32	10:34	10:37	10:39	10:41	10:43	10:46	10:48	10:51
117027409	C	N	MTWRF	10:03	10:06	10:09	10:12	10:14	10:17	10:20	10:22	10:25	10:28	10:29	10:32	10:34	-	-	10:37	10:39	-	-	10:43	10:45	10:47	10:51	10:52	10:54	10:57	10:59	11:01	11:03	11:06	11:08	11:11
117027408	C	N	MTWRF	10:23	10:26	10:29	10:32	10:34	10:37	10:40	10:42	10:45	10:48	10:49	10:52	10:54	-	-	10:57	10:59	-	-	11:03	11:05	11:07	11:11	11:12	11:14	11:17	11:19	11:21	11:23	11:26	11:28	11:31
117027407	C	N	MTWRF	10:43	10:46	10:49	10:52	10:54	10:57	11:00	11:02	11:05	11:08	11:09	11:12	11:14	-	-	11:17	11:19	-	-	11:23	11:25	11:27	11:31	11:32	11:34	11:37	11:39	11:41	11:43	11:46	11:48	11:51
117027406	C	N	MTWRF	11:03	11:06	11:09	11:12	11:14	11:17	11:20	11:22	11:25	11:28	11:29	11:32	11:34	-	-	11:37	11:39	-	-	11:43	11:45	11:47	11:51	11:52	11:54	11:57	11:59	12:01	12:03	12:06	12:08	12:11
117027405	C	N	MTWRF	11:23	11:26	11:29	11:32	11:34	11:37	11:40	11:42	11:45	11:48	11:49	11:52	11:54	-	-	11:57	11:59	-	-	12:03	12:05	12:07	12:11	12:12	12:14	12:17	12:19	12:21	12:23	12:26	12:28	12:31
117027404	C	N	MTWRF	11:43	11:46	11:49	11:52	11:54	11:57	12:00	12:02	12:05	12:08	12:09	12:12	12:14	-	-	12:17	12:19	-	-	12:23	12:25	12:27	12:31	12:32	12:34	12:37	12:39	12:41	12:43	12:46	12:48	12:51
117027403	C	N	MTWRF	12:03	12:06	12:09	12:12	12:14	12:17	12:20	12:22	12:25	12:28	12:29	12:32	12:34	-	-	12:37	12:39	-	-	12:43	12:45	12:47	12:51	12:52	12:54	12:57	12:59	13:01	13:03	13:06	13:08	13:11
117027402	C	N	MTWRF	12:23	12:26	12:29	12:32	12:34	12:37	12:40	12:42	12:45	12:48	12:49	12:52	12:54	-	-	12:57	12:59	-	-	13:03	13:05	13:07	13:11	13:12	13:14	13:17	13:19	13:21	13:23	13:26	13:28	13:31
117027401	C	N	MTWRF	12:43	12:46	12:49	12:52	12:54	12:57	13:00	13:02	13:05	13:08	13:09	13:12	13:14	-	-	13:17	13:19	-	-	13:23	13:25	13:27	13:31	13:32	13:34	13:37	13:39	13:41	13:43	13:46	13:48	13:51
117027400	C	N	MTWRF	13:03	13:06	13:09	13:12	13:14	13:17	13:20	13:22	13:25	13:28	13:29	13:32	13:34	-	-	13:37	13:39	-	-	13:43	13:45	13:47	13:51	13:52	13:54	13:57	13:59	14:01	14:03	14:06	14:08	14:11
117027399	C	N	MTWRF	13:23	13:26	13:29	13:32	13:34	13:37	13:40	13:42	13:45	13:48	13:49	13:52	13:54	-	-	13:57	13:59	-	-	14:03	14:05	14:07	14:11	14:12	14:14	14:17	14:19	14:21	14:23	14:26	14:28	14:31
117027398	C	N	MTWRF	13:43	13:46	13:49	13:52	13:54	13:57	14:00	14:02	14:05	14:08	14:09	14:12	14:14	-	-	14:17	14:19	-	-	14:23	14:25	14:27	14:31	14:32	14:34	14:37	14:39	14:41	14:43	14:46	14:48	14:51
117027397	C	N	MTWRF	14:03	14:06	14:09	14:12	14:14	14:17	14:20	14:22	14:25	14:28	14:29	14:32	14:34	-	-	14:37	14:39	-	-	14:43	14:45	14:47	14:51	14:52	14:54	14:57	14:59	15:01	15:03	15:06	15:08	15:11
117027396	C	N	MTWRF	14:23	14:26	14:29	14:32	14:34	14:37	14:40	14:42	14:45	14:48	14:49	14:52	14:54	-	-	14:57	14:59	-	-	15:03	15:05	15:07	15:11	15:12	15:14	15:17	15:19	15:21	15:23	15:26	15:28	15:31
117027395	C	N	MTWRF	14:43	14:46	14:49	14:52	14:54	14:57	15:00	15:02	15:05	15:08	15:09	15:12	15:14	-	-	15:17	15:19	-	-	15:23	15:25	15:27	15:31	15:32	15:34	15:37	15:39	15:41	15:43	15:46	15:48	15:51
117027394	C	N	MTWRF	15:03	15:06	15:09	15:12	15:14	15:17	15:20	15:22	15:25	15:28	15:29	15:32	15:34	-	-	15:37	15:39	-	-	15:43	15:45	15:47	15:51	15:52	15:54	15:57	15:59	16:01	16:03	16:06	16:08	16:11
117027393	C	N	MTWRF	15:23	15:26	15:29	15:32	15:34	15:37	15:40	15:42	15:45	15:48	15:49	15:52	15:54	-	-	15:57	15:59	-	-	16:03	16:05	16:07	16:11	16:12	16:14	16:17	16:19	16:21	16:23	16:26	16:28	16:31
117027392	C	N	MTWRF	15:43	15:46	15:49	15:52	15:54	15:57	16:00	16:02	16:05	16:08	16:09	16:12	16:14	-	-	16:17	16:19	-	-	16:23	16:25	16:27	16:31	16:32	16:34	16:37	16:39	16:41	16:43	16:46	16:48	16:51
117027391	C	N	MTWRF	16:03	16:06	16:09	16:12	16:14	16:17	16:20	16:22	16:25	16:28	16:29	16:32	16:34	-	-	16:37	16:39	-	-	16:43	16:45	16:47	16:51	16:52	16:54	16:57	16:59	17:01	17:03	17:06	17:08	17:11
117027390	C	N	MTWRF	16:23	16:26	16:29	16:32	16:34	16:37	16:40	16:42	16:45	16:48	16:49	16:52	16:54	-	-	16:57	16:59	-	-	17:03	17:05	17:07	17:11	17:12	17:14	17:17	17:19	17:21	17:23	17:26	17:28	17:31
117027389	C	N	MTWRF	16:43	16:46	16:49	16:52	16:54	16:57	17:00	17:02	17:05	17:08	17:09	17:12	17:14	-	-	17:17	17:19	-	-	17:23	17:25	17:27	17:31	17:32	17:34	17:37	17:39	17:41	17:43	17:46	17:48	17:51
117027388	C	N	MTWRF	17:03	17:06	17:09	17:12	17:14	17:17	17:20	17:22	17:25	17:28	17:29	17:32	17:34	-	-	17:37	17:39	-	-	17:43	17:45	17:47	17:51	17:52	17:54	17:57	17:59	18:01	18:03	18:06	18:08	18:11
117027387	C	N	MTWRF	17:23	17:26	17:29	17:32	17:34	17:37	17:40	17:42	17:45	17:48	17:49	17:52	17:54	-	-	17:57	17:59	-	-	18:03	18:05	18:07	18:11	18:12	18:14	18:17	18:19	18:21	18:23	18:26	18:28	18:31
117027386	C	N	MTWRF	17:43	17:46	17:49	17:52	17:54	17:57	18:00	18:02	18:05	18:08	18:09	18:12	18:14	-	-	18:17	18:19	-	-	18:23	18:25	18:27	18:31	18:32	18:34	18:37	18:39	18:41	18:43	18:46	18:48	18:51
117027385	C	N	MTWRF	18:03	18:06	18:09	18:12	18:14	18:17	18:20	18:22	18:25	18:28	18:29	18:32	18:34	-	-	18:37	18:39	-	-	18:43	18:45	18:47	18:51	18:52	18:54	18:57	18:59	19:01	19:03	19:06	19:08	19:11
117027384	C	N	MTWRF	18:23	18:26	18:29	18:32	18:34	18:37	18:40	18:42	18:45	18:48	18:49	18:52	18:54	-	-	18:57	18:59	-	-	19:03	19:05	19:07	19:11	19:12	19:14	19:17	19:19	19:21	19:23	19:26	19:28	19:31
117027383	C	N	MTWRF	18:43	18:46	18:49	18:52	18:54	18:57	19:00	19:02	19:05	19:08	19:09	19:12	19:14	-	-	19:17	19:19	-	-	19:23	19:25	19:27	19:31	19:32	19:34	19:37	19:39	19:41	19:43	19:46	19:48	19:51
117027425	C	N	MTWRF	-	-	-	-	-	-	-	-	-	-	-	-	-	-	-	-	-	-	-	-	-	-	05:21	05:22	05:24	05:27	05:29	05:31	05:33	05:36	05:38	05:41
117027424	C	N	MTWRF	-	-	-	-	-	-	-	-	-	-	-	-	-	-	-	-	-	-	-	-	-	-	05:41	05:42	05:44	05:47	05:49	05:51	05:53	05:56	05:58	06:01
117027423	C	N	MTWRF	-	-	-	-	-	-	-	-	-	-	-	-	-	-	-	-	-	-	-	-	-	-	06:01	06:02	06:04	06:07	06:09	06:11	06:13	06:16	06:18	06:21
117027382	C	N	MTWRF	05:35	-	05:40	05:43	05:45	05:48	-	05:52	05:55	05:58	05:59	06:02	06:04	-	-	06:07	06:09	-	-	06:13	06:15	06:17	06:21	06:22	06:24	06:27	06:29	06:31	06:33	06:36	06:38	06:41
117027381	C	N	MTWRF	05:55	-	06:00	06:03	06:05	06:08	-	06:12	06:15	06:18	06:19	06:22	06:24	-	-	06:27	06:29	-	-	06:33	06:35	06:37	06:41	06:42	06:44	06:47	06:49	06:51	06:53	06:56	06:58	07:01
117027380	C	N	MTWRF	06:15	-	06:20	06:23	06:25	06:28	-	06:32	06:35	06:38	06:39	06:42	06:44	-	-	06:47	06:49	-	-	06:53	06:55	06:57	07:01	07:02	07:04	07:07	07:09	07:11	07:13	07:16	07:18	07:21
117027379	C	N	MTWRF	06:35	-	06:40	06:43	06:45	06:48	-	06:52	06:55	06:58	06:59	07:02	07:04	-	-	07:07	07:09	-	-	07:13	07:15	07:17	07:21	07:22	07:24	07:27	07:29	07:31	07:33	07:36	07:38	07:41
117027378	C	N	MTWRF	06:55	-	07:00	07:03	07:05	07:08	-	07:12	07:15	07:18	07:19	07:22	07:24	-	-	07:27	07:29	-	-	07:33	07:35	07:37	07:41	07:42	07:44	07:47	07:49	07:51	07:53	07:56	07:58	08:01
117027377	C	N	MTWRF	07:15	-	07:20	07:23	07:25	07:28	-	07:32	07:35	07:38	07:39	07:42	07:44	-	-	07:47	07:49	-	-	07:53	07:55	07:57	08:01	08:02	08:04	08:07	08:09	08:11	08:13	08:16	08:18	08:21
117027376	C	N	MTWRF	07:35	-	07:40	07:43	07:45	07:48	-	07:52	07:55	07:58	07:59	08:02	08:04	-	-	08:07	08:09	-	-	08:13	08:15	08:17	08:21	08:22	08:24	08:27	08:29	08:31	08:33	08:36	08:38	08:41
117027375	C	N	MTWRF	07:55	-	08:00	08:03	08:05	08:08	-	08:12	08:15	08:18	08:19	08:22	08:24	-	-	08:27	08:29	-	-	08:33	08:35	08:37	08:41	08:42	08:44	08:47	08:49	08:51	08:53	08:56	08:58	09:01
117027374	C	N	MTWRF	08:15	-	08:20	08:23	08:25	08:28	-	08:32	08:35	08:38	08:39	08:42	08:44	-	-	08:47	08:49	-	-	08:53	08:55	08:57	09:01	09:02	09:04	09:07	09:09	09:11	09:13	09:16	09:18	09:21
117027373	C	N	MTWRF	08:35	-	08:40	08:43	08:45	08:48	-	08:52	08:55	08:58	08:59	09:02	09:04	-	-	09:07	09:09	-	-	09:13	09:15	09:17	09:21	09:22	09:24	09:27	09:29	09:31	09:33	09:36	09:38	09:41
117027372	C	N	MTWRF	08:55	-	09:00	09:03	09:05	09:08	-	09:12	09:15	09:18	09:19	09:22	09:24	-	-	09:27	09:29	-	-	09:33	09:35	09:37	09:41	09:42	09:44	09:47	09:49	09:51	09:53	09:56	09:58	10:01
117027371	C	N	MTWRF	09:15	-	09:20	09:23	09:25	09:28	-	09:32	09:35	09:38	09:39	09:42	09:44	-	-	09:47	09:49	-	-	09:53	09:55	09:57	10:01	10:02	10:04	10:07	10:09	10:11	10:13	10:16	10:18	10:21
117027370	C	N	MTWRF	09:35	-	09:40	09:43	09:45	09:48	-	09:52	09:55	09:58	09:59	10:02	10:04	-	-	10:07	10:09	-	-	10:13	10:15	10:17	10:21	10:22	10:24	10:27	10:29	10:31	10:33	10:36	10:38	10:41
117027369	C	N	MTWRF	09:55	-	10:00	10:03	10:05	10:08	-	10:12	10:15	10:18	10:19	10:22	10:24	-	-	10:27	10:29	-	-	10:33	10:35	10:37	10:41	10:42	10:44	10:47	10:49	10:51	10:53	10:56	10:58	11:01
117027368	C	N	MTWRF	10:15	-	10:20	10:23	10:25	10:28	-	10:32	10:35	10:38	10:39	10:42	10:44	-	-	10:47	10:49	-	-	10:53	10:55	10:57	11:01	11:02	11:04	11:07	11:09	11:11	11:13	11:16	11:18	11:21
117027367	C	N	MTWRF	10:35	-	10:40	10:43	10:45	10:48	-	10:52	10:55	10:58	10:59	11:02	11:04	-	-	11:07	11:09	-	-	11:13	11:15	11:17	11:21	11:22	11:24	11:27	11:29	11:31	11:33	11:36	11:38	11:41
117027366	C	N	MTWRF	10:55	-	11:00	11:03	11:05	11:08	-	11:12	11:15	11:18	11:19	11:22	11:24	-	-	11:27	11:29	-	-	11:33	11:35	11:37	11:41	11:42	11:44	11:47	11:49	11:51	11:53	11:56	11:58	12:01
117027365	C	N	MTWRF	11:15	-	11:20	11:23	11:25	11:28	-	11:32	11:35	11:38	11:39	11:42	11:44	-	-	11:47	11:49	-	-	11:53	11:55	11:57	12:01	12:02	12:04	12:07	12:09	12:11	12:13	12:16	12:18	12:21
117027364	C	N	MTWRF	11:35	-	11:40	11:43	11:45	11:48	-	11:52	11:55	11:58	11:59	12:02	12:04	-	-	12:07	12:09	-	-	12:13	12:15	12:17	12:21	12:22	12:24	12:27	12:29	12:31	12:33	12:36	12:38	12:41
117027363	C	N	MTWRF	11:55	-	12:00	12:03	12:05	12:08	-	12:12	12:15	12:18	12:19	12:22	12:24	-	-	12:27	12:29	-	-	12:33	12:35	12:37	12:41	12:42	12:44	12:47	12:49	12:51	12:53	12:56	12:58	13:01
117027362	C	N	MTWRF	12:15	-	12:20	12:23	12:25	12:28	-	12:32	12:35	12:38	12:39	12:42	12:44	-	-	12:47	12:49	-	-	12:53	12:55	12:57	13:01	13:02	13:04	13:07	13:09	13:11	13:13	13:16	13:18	13:21
117027361	C	N	MTWRF	12:35	-	12:40	12:43	12:45	12:48	-	12:52	12:55	12:58	12:59	13:02	13:04	-	-	13:07	13:09	-	-	13:13	13:15	13:17	13:21	13:22	13:24	13:27	13:29	13:31	13:33	13:36	13:38	13:41
117027360	C	N	MTWRF	12:55	-	13:00	13:03	13:05	13:08	-	13:12	13:15	13:18	13:19	13:22	13:24	-	-	13:27	13:29	-	-	13:33	13:35	13:37	13:41	13:42	13:44	13:47	13:49	13:51	13:53	13:56	13:58	14:01
117027359	C	N	MTWRF	13:15	-	13:20	13:23	13:25	13:28	-	13:32	13:35	13:38	13:39	13:42	13:44	-	-	13:47	13:49	-	-	13:53	13:55	13:57	14:01	14:02	14:04	14:07	14:09	14:11	14:13	14:16	14:18	14:21
117027358	C	N	MTWRF	13:35	-	13:40	13:43	13:45	13:48	-	13:52	13:55	13:58	13:59	14:02	14:04	-	-	14:07	14:09	-	-	14:13	14:15	14:17	14:21	14:22	14:24	14:27	14:29	14:31	14:33	14:36	14:38	14:41
117027357	C	N	MTWRF	13:55	-	14:00	14:03	14:05	14:08	-	14:12	14:15	14:18	14:19	14:22	14:24	-	-	14:27	14:29	-	-	14:33	14:35	14:37	14:41	14:42	14:44	14:47	14:49	14:51	14:53	14:56	14:58	15:01
117027356	C	N	MTWRF	14:15	-	14:20	14:23	14:25	14:28	-	14:32	14:35	14:38	14:39	14:42	14:44	-	-	14:47	14:49	-	-	14:53	14:55	14:57	15:01	15:02	15:04	15:07	15:09	15:11	15:13	15:16	15:18	15:21
117027355	C	N	MTWRF	14:35	-	14:40	14:43	14:45	14:48	-	14:52	14:55	14:58	14:59	15:02	15:04	-	-	15:07	15:09	-	-	15:13	15:15	15:17	15:21	15:22	15:24	15:27	15:29	15:31	15:33	15:36	15:38	15:41
117027354	C	N	MTWRF	14:55	-	15:00	15:03	15:05	15:08	-	15:12	15:15	15:18	15:19	15:22	15:24	-	-	15:27	15:29	-	-	15:33	15:35	15:37	15:41	15:42	15:44	15:47	15:49	15:51	15:53	15:56	15:58	16:01
117027353	C	N	MTWRF	15:15	-	15:20	15:23	15:25	15:28	-	15:32	15:35	15:38	15:39	15:42	15:44	-	-	15:47	15:49	-	-	15:53	15:55	15:57	16:01	16:02	16:04	16:07	16:09	16:11	16:13	16:16	16:18	16:21
117027352	C	N	MTWRF	15:35	-	15:40	15:43	15:45	15:48	-	15:52	15:55	15:58	15:59	16:02	16:04	-	-	16:07	16:09	-	-	16:13	16:15	16:17	16:21	16:22	16:24	16:27	16:29	16:31	16:33	16:36	16:38	16:41
117027351	C	N	MTWRF	15:55	-	16:00	16:03	16:05	16:08	-	16:12	16:15	16:18	16:19	16:22	16:24	-	-	16:27	16:29	-	-	16:33	16:35	16:37	16:41	16:42	16:44	16:47	16:49	16:51	16:53	16:56	16:58	17:01
117027350	C	N	MTWRF	16:15	-	16:20	16:23	16:25	16:28	-	16:32	16:35	16:38	16:39	16:42	16:44	-	-	16:47	16:49	-	-	16:53	16:55	16:57	17:01	17:02	17:04	17:07	17:09	17:11	17:13	17:16	17:18	17:21
117027349	C	N	MTWRF	16:35	-	16:40	16:43	16:45	16:48	-	16:52	16:55	16:58	16:59	17:02	17:04	-	-	17:07	17:09	-	-	17:13	17:15	17:17	17:21	17:22	17:24	17:27	17:29	17:31	17:33	17:36	17:38	17:41
117027348	C	N	MTWRF	16:55	-	17:00	17:03	17:05	17:08	-	17:12	17:15	17:18	17:19	17:22	17:24	-	-	17:27	17:29	-	-	17:33	17:35	17:37	17:41	17:42	17:44	17:47	17:49	17:51	17:53	17:56	17:58	18:01
117027347	C	N	MTWRF	17:15	-	17:20	17:23	17:25	17:28	-	17:32	17:35	17:38	17:39	17:42	17:44	-	-	17:47	17:49	-	-	17:53	17:55	17:57	18:01	18:02	18:04	18:07	18:09	18:11	18:13	18:16	18:18	18:21
117027346	C	N	MTWRF	17:35	-	17:40	17:43	17:45	17:48	-	17:52	17:55	17:58	17:59	18:02	18:04	-	-	18:07	18:09	-	-	18:13	18:15	18:17	18:21	18:22	18:24	18:27	18:29	18:31	18:33	18:36	18:38	18:41
117027345	C	N	MTWRF	17:55	-	18:00	18:03	18:05	18:08	-	18:12	18:15	18:18	18:19	18:22	18:24	-	-	18:27	18:29	-	-	18:33	18:35	18:37	18:41	18:42	18:44	18:47	18:49	18:51	18:53	18:56	18:58	19:01
117027344	C	N	MTWRF	18:15	-	18:20	18:23	18:25	18:28	-	18:32	18:35	18:38	18:39	18:42	18:44	-	-	18:47	18:49	-	-	18:53	18:55	18:57	19:01	19:02	19:04	19:07	19:09	19:11	19:13	19:16	19:18	19:21
117027343	C	N	MTWRF	18:35	-	18:40	18:43	18:45	18:48	-	18:52	18:55	18:58	18:59	19:02	19:04	-	-	19:07	19:09	-	-	19:13	19:15	19:17	19:21	19:22	19:24	19:27	19:29	19:31	19:33	19:36	19:38	19:41
117027342	C	N	F	18:55	-	19:00	19:03	19:05	19:08	-	19:12	19:15	19:18	19:19	19:22	19:24	-	-	19:27	19:29	-	-	19:33	19:35	19:37	19:41	19:42	19:44	19:47	19:49	19:51	19:53	19:56	19:58	20:01
117027341	C	N	MTWR	18:55	-	19:00	19:03	19:05	19:08	-	19:12	19:15	19:18	19:19	19:22	19:24	-	-	19:27	19:29	-	-	19:33	19:35	19:37	19:41	-	-	-	-	-	-	-	-	-
117027340	C	N	F	19:15	-	19:20	19:23	19:25	19:28	-	19:32	19:35	19:38	19:39	19:42	19:44	-	-	19:47	19:49	-	-	19:53	19:55	19:57	20:01	-	-	-	-	-	-	-	-	-
117027339	C	N	F	19:35	-	19:40	19:43	19:45	19:48	-	19:52	19:55	19:58	19:59	20:02	20:04	-	-	20:07	20:09	-	-	20:13	20:15	20:17	20:21	-	-	-	-	-	-	-	-	-
117027338	C	N	MTWRFSU	23:27	23:30	23:33	23:36	23:38	23:41	23:44	23:47	23:50	23:52	23:54	23:57	23:59	24:00	24:02	24:04	24:05	24:07	24:09	24:11	24:13	24:15	24:19	24:20	24:22	24:25	24:27	24:29	24:31	24:35	24:37	24:40
117027337	C	N	FS	23:47	23:50	23:53	23:56	23:58	24:01	24:04	24:07	24:10	24:12	24:14	24:17	24:19	24:20	24:22	24:24	24:25	24:27	24:29	24:31	24:33	24:35	24:39	24:40	24:42	24:45	24:47	24:49	24:51	24:55	24:57	25:00
117027336	C	N	FS	24:07	24:10	24:13	24:16	24:18	24:21	24:24	24:27	24:30	24:32	24:34	24:37	24:39	24:40	24:42	24:44	24:45	24:47	24:49	24:51	24:53	24:55	24:59	25:00	25:02	25:05	25:07	25:09	25:11	25:15	25:17	25:20
117027335	C	N	FS	24:27	24:30	24:33	24:36	24:38	24:41	24:44	24:47	24:50	24:52	24:54	24:57	24:59	25:00	25:02	25:04	25:05	25:07	25:09	25:11	25:13	25:15	25:19	25:20	25:22	25:25	25:27	25:29	25:31	25:35	25:37	25:40
117027334	C	N	SU	06:47	06:50	06:53	06:56	06:58	07:01	07:04	07:07	07:10	07:12	07:14	07:17	07:19	07:20	07:22	07:24	07:25	07:27	07:29	07:31	07:33	07:35	07:39	07:40	07:42	07:45	07:47	07:49	07:51	07:55	07:57	08:00
117027333	C	N	SU	07:07	07:10	07:13	07:16	07:18	07:21	07:24	07:27	07:30	07:32	07:34	07:37	07:39	07:40	07:42	07:44	07:45	07:47	07:49	07:51	07:53	07:55	07:59	08:00	08:02	08:05	08:07	08:09	08:11	08:15	08:17	08:20
117027332	C	N	SU	07:27	07:30	07:33	07:36	07:38	07:41	07:44	07:47	07:50	07:52	07:54	07:57	07:59	08:00	08:02	08:04	08:05	08:07	08:09	08:11	08:13	08:15	08:19	08:20	08:22	08:25	08:27	08:29	08:31	08:35	08:37	08:40
117027331	C	N	SU	07:47	07:50	07:53	07:56	07:58	08:01	08:04	08:07	08:10	08:12	08:14	08:17	08:19	08:20	08:22	08:24	08:25	08:27	08:29	08:31	08:33	08:35	08:39	08:40	08:42	08:45	08:47	08:49	08:51	08:55	08:57	09:00
117027330	C	N	SU	08:07	08:10	08:13	08:16	08:18	08:21	08:24	08:27	08:30	08:32	08:34	08:37	08:39	08:40	08:42	08:44	08:45	08:47	08:49	08:51	08:53	08:55	08:59	09:00	09:02	09:05	09:07	09:09	09:11	09:15	09:17	09:20
117027329	C	N	SU	08:27	08:30	08:33	08:36	08:38	08:41	08:44	08:47	08:50	08:52	08:54	08:57	08:59	09:00	09:02	09:04	09:05	09:07	09:09	09:11	09:13	09:15	09:19	09:20	09:22	09:25	09:27	09:29	09:31	09:35	09:37	09:40
117027328	C	N	SU	08:47	08:50	08:53	08:56	08:58	09:01	09:04	09:07	09:10	09:12	09:14	09:17	09:19	09:20	09:22	09:24	09:25	09:27	09:29	09:31	09:33	09:35	09:39	09:40	09:42	09:45	09:47	09:49	09:51	09:55	09:57	10:00
117027327	C	N	SU	09:07	09:10	09:13	09:16	09:18	09:21	09:24	09:27	09:30	09:32	09:34	09:37	09:39	09:40	09:42	09:44	09:45	09:47	09:49	09:51	09:53	09:55	09:59	10:00	10:02	10:05	10:07	10:09	10:11	10:15	10:17	10:20
117027326	C	N	SU	09:27	09:30	09:33	09:36	09:38	09:41	09:44	09:47	09:50	09:52	09:54	09:57	09:59	10:00	10:02	10:04	10:05	10:07	10:09	10:11	10:13	10:15	10:19	10:20	10:22	10:25	10:27	10:29	10:31	10:35	10:37	10:40
117027325	C	N	SU	09:47	09:50	09:53	09:56	09:58	10:01	10:04	10:07	10:10	10:12	10:14	10:17	10:19	10:20	10:22	10:24	10:25	10:27	10:29	10:31	10:33	10:35	10:39	10:40	10:42	10:45	10:47	10:49	10:51	10:55	10:57	11:00
117027324	C	N	SU	10:07	10:10	10:13	10:16	10:18	10:21	10:24	10:27	10:30	10:32	10:34	10:37	10:39	10:40	10:42	10:44	10:45	10:47	10:49	10:51	10:53	10:55	10:59	11:00	11:02	11:05	11:07	11:09	11:11	11:15	11:17	11:20
117027323	C	N	SU	10:27	10:30	10:33	10:36	10:38	10:41	10:44	10:47	10:50	10:52	10:54	10:57	10:59	11:00	11:02	11:04	11:05	11:07	11:09	11:11	11:13	11:15	11:19	11:20	11:22	11:25	11:27	11:29	11:31	11:35	11:37	11:40
117027322	C	N	SU	10:47	10:50	10:53	10:56	10:58	11:01	11:04	11:07	11:10	11:12	11:14	11:17	11:19	11:20	11:22	11:24	11:25	11:27	11:29	11:31	11:33	11:35	11:39	11:40	11:42	11:45	11:47	11:49	11:51	11:55	11:57	12:00
117027321	C	N	SU	11:07	11:10	11:13	11:16	11:18	11:21	11:24	11:27	11:30	11:32	11:34	11:37	11:39	11:40	11:42	11:44	11:45	11:47	11:49	11:51	11:53	11:55	11:59	12:00	12:02	12:05	12:07	12:09	12:11	12:15	12:17	12:20
117027320	C	N	SU	11:27	11:30	11:33	11:36	11:38	11:41	11:44	11:47	11:50	11:52	11:54	11:57	11:59	12:00	12:02	12:04	12:05	12:07	12:09	12:11	12:13	12:15	12:19	12:20	12:22	12:25	12:27	12:29	12:31	12:35	12:37	12:40
117027319	C	N	SU	11:47	11:50	11:53	11:56	11:58	12:01	12:04	12:07	12:10	12:12	12:14	12:17	12:19	12:20	12:22	12:24	12:25	12:27	12:29	12:31	12:33	12:35	12:39	12:40	12:42	12:45	12:47	12:49	12:51	12:55	12:57	13:00
117027318	C	N	SU	12:07	12:10	12:13	12:16	12:18	12:21	12:24	12:27	12:30	12:32	12:34	12:37	12:39	12:40	12:42	12:44	12:45	12:47	12:49	12:51	12:53	12:55	12:59	13:00	13:02	13:05	13:07	13:09	13:11	13:15	13:17	13:20
117027317	C	N	SU	12:27	12:30	12:33	12:36	12:38	12:41	12:44	12:47	12:50	12:52	12:54	12:57	12:59	13:00	13:02	13:04	13:05	13:07	13:09	13:11	13:13	13:15	13:19	13:20	13:22	13:25	13:27	13:29	13:31	13:35	13:37	13:40
117027316	C	N	SU	12:47	12:50	12:53	12:56	12:58	13:01	13:04	13:07	13:10	13:12	13:14	13:17	13:19	13:20	13:22	13:24	13:25	13:27	13:29	13:31	13:33	13:35	13:39	13:40	13:42	13:45	13:47	13:49	13:51	13:55	13:57	14:00
117027315	C	N	SU	13:07	13:10	13:13	13:16	13:18	13:21	13:24	13:27	13:30	13:32	13:34	13:37	13:39	13:40	13:42	13:44	13:45	13:47	13:49	13:51	13:53	13:55	13:59	14:00	14:02	14:05	14:07	14:09	14:11	14:15	14:17	14:20
117027314	C	N	SU	13:27	13:30	13:33	13:36	13:38	13:41	13:44	13:47	13:50	13:52	13:54	13:57	13:59	14:00	14:02	14:04	14:05	14:07	14:09	14:11	14:13	14:15	14:19	14:20	14:22	14:25	14:27	14:29	14:31	14:35	14:37	14:40
117027313	C	N	SU	13:47	13:50	13:53	13:56	13:58	14:01	14:04	14:07	14:10	14:12	14:14	14:17	14:19	14:20	14:22	14:24	14:25	14:27	14:29	14:31	14:33	14:35	14:39	14:40	14:42	14:45	14:47	14:49	14:51	14:55	14:57	15:00
117027312	C	N	SU	14:07	14:10	14:13	14:16	14:18	14:21	14:24	14:27	14:30	14:32	14:34	14:37	14:39	14:40	14:42	14:44	14:45	14:47	14:49	14:51	14:53	14:55	14:59	15:00	15:02	15:05	15:07	15:09	15:11	15:15	15:17	15:20
117027311	C	N	SU	14:27	14:30	14:33	14:36	14:38	14:41	14:44	14:47	14:50	14:52	14:54	14:57	14:59	15:00	15:02	15:04	15:05	15:07	15:09	15:11	15:13	15:15	15:19	15:20	15:22	15:25	15:27	15:29	15:31	15:35	15:37	15:40
117027310	C	N	SU	14:47	14:50	14:53	14:56	14:58	15:01	15:04	15:07	15:10	15:12	15:14	15:17	15:19	15:20	15:22	15:24	15:25	15:27	15:29	15:31	15:33	15:35	15:39	15:40	15:42	15:45	15:47	15:49	15:51	15:55	15:57	16:00
117027309	C	N	SU	15:07	15:10	15:13	15:16	15:18	15:21	15:24	15:27	15:30	15:32	15:34	15:37	15:39	15:40	15:42	15:44	15:45	15:47	15:49	15:51	15:53	15:55	15:59	16:00	16:02	16:05	16:07	16:09	16:11	16:15	16:17	16:20
117027308	C	N	SU	15:27	15:30	15:33	15:36	15:38	15:41	15:44	15:47	15:50	15:52	15:54	15:57	15:59	16:00	16:02	16:04	16:05	16:07	16:09	16:11	16:13	16:15	16:19	16:20	16:22	16:25	16:27	16:29	16:31	16:35	16:37	16:40
117027307	C	N	SU	15:47	15:50	15:53	15:56	15:58	16:01	16:04	16:07	16:10	16:12	16:14	16:17	16:19	16:20	16:22	16:24	16:25	16:27	16:29	16:31	16:33	16:35	16:39	16:40	16:42	16:45	16:47	16:49	16:51	16:55	16:57	17:00
117027306	C	N	SU	16:07	16:10	16:13	16:16	16:18	16:21	16:24	16:27	16:30	16:32	16:34	16:37	16:39	16:40	16:42	16:44	16:45	16:47	16:49	16:51	16:53	16:55	16:59	17:00	17:02	17:05	17:07	17:09	17:11	17:15	17:17	17:20
117027305	C	N	SU	16:27	16:30	16:33	16:36	16:38	16:41	16:44	16:47	16:50	16:52	16:54	16:57	16:59	17:00	17:02	17:04	17:05	17:07	17:09	17:11	17:13	17:15	17:19	17:20	17:22	17:25	17:27	17:29	17:31	17:35	17:37	17:40
117027304	C	N	SU	16:47	16:50	16:53	16:56	16:58	17:01	17:04	17:07	17:10	17:12	17:14	17:17	17:19	17:20	17:22	17:24	17:25	17:27	17:29	17:31	17:33	17:35	17:39	17:40	17:42	17:45	17:47	17:49	17:51	17:55	17:57	18:00
117027303	C	N	SU	17:07	17:10	17:13	17:16	17:18	17:21	17:24	17:27	17:30	17:32	17:34	17:37	17:39	17:40	17:42	17:44	17:45	17:47	17:49	17:51	17:53	17:55	17:59	18:00	18:02	18:05	18:07	18:09	18:11	18:15	18:17	18:20
117027302	C	N	SU	17:27	17:30	17:33	17:36	17:38	17:41	17:44	17:47	17:50	17:52	17:54	17:57	17:59	18:00	18:02	18:04	18:05	18:07	18:09	18:11	18:13	18:15	18:19	18:20	18:22	18:25	18:27	18:29	18:31	18:35	18:37	18:40
117027301	C	N	SU	17:47	17:50	17:53	17:56	17:58	18:01	18:04	18:07	18:10	18:12	18:14	18:17	18:19	18:20	18:22	18:24	18:25	18:27	18:29	18:31	18:33	18:35	18:39	18:40	18:42	18:45	18:47	18:49	18:51	18:55	18:57	19:00
117027300	C	N	SU	18:07	18:10	18:13	18:16	18:18	18:21	18:24	18:27	18:30	18:32	18:34	18:37	18:39	18:40	18:42	18:44	18:45	18:47	18:49	18:51	18:53	18:55	18:59	19:00	19:02	19:05	19:07	19:09	19:11	19:15	19:17	19:20
117027299	C	N	SU	18:27	18:30	18:33	18:36	18:38	18:41	18:44	18:47	18:50	18:52	18:54	18:57	18:59	19:00	19:02	19:04	19:05	19:07	19:09	19:11	19:13	19:15	19:19	19:20	19:22	19:25	19:27	19:29	19:31	19:35	19:37	19:40
117027298	C	N	SU	18:47	18:50	18:53	18:56	18:58	19:01	19:04	19:07	19:10	19:12	19:14	19:17	19:19	19:20	19:22	19:24	19:25	19:27	19:29	19:31	19:33	19:35	19:39	19:40	19:42	19:45	19:47	19:49	19:51	19:55	19:57	20:00
117027297	C	N	MTWRFSU	19:07	19:10	19:13	19:16	19:18	19:21	19:24	19:27	19:30	19:32	19:34	19:37	19:39	19:40	19:42	19:44	19:45	19:47	19:49	19:51	19:53	19:55	19:59	20:00	20:02	20:05	20:07	20:09	20:11	20:15	20:17	20:20
117027296	C	N	MTWRFSU	19:27	19:30	19:33	19:36	19:38	19:41	19:44	19:47	19:50	19:52	19:54	19:57	19:59	20:00	20:02	20:04	20:05	20:07	20:09	20:11	20:13	20:15	20:19	20:20	20:22	20:25	20:27	20:29	20:31	20:35	20:37	20:40
117027295	C	N	MTWRFSU	19:47	19:50	19:53	19:56	19:58	20:01	20:04	20:07	20:10	20:12	20:14	20:17	20:19	20:20	20:22	20:24	20:25	20:27	20:29	20:31	20:33	20:35	20:39	20:40	20:42	20:45	20:47	20:49	20:51	20:55	20:57	21:00
117027294	C	N	MTWRFSU	20:07	20:10	20:13	20:16	20:18	20:21	20:24	20:27	20:30	20:32	20:34	20:37	20:39	20:40	20:42	20:44	20:45	20:47	20:49	20:51	20:53	20:55	20:59	21:00	21:02	21:05	21:07	21:09	21:11	21:15	21:17	21:20
117027293	C	N	MTWRFSU	20:27	20:30	20:33	20:36	20:38	20:41	20:44	20:47	20:50	20:52	20:54	20:57	20:59	21:00	21:02	21:04	21:05	21:07	21:09	21:11	21:13	21:15	21:19	21:20	21:22	21:25	21:27	21:29	21:31	21:35	21:37	21:40
117027292	C	N	MTWRFSU	20:47	20:50	20:53	20:56	20:58	21:01	21:04	21:07	21:10	21:12	21:14	21:17	21:19	21:20	21:22	21:24	21:25	21:27	21:29	21:31	21:33	21:35	21:39	21:40	21:42	21:45	21:47	21:49	21:51	21:55	21:57	22:00
117027291	C	N	MTWRFSU	21:07	21:10	21:13	21:16	21:18	21:21	21:24	21:27	21:30	21:32	21:34	21:37	21:39	21:40	21:42	21:44	21:45	21:47	21:49	21:51	21:53	21:55	21:59	22:00	22:02	22:05	22:07	22:09	22:11	22:15	22:17	22:20
117027290	C	N	MTWRFSU	21:27	21:30	21:33	21:36	21:38	21:41	21:44	21:47	21:50	21:52	21:54	21:57	21:59	22:00	22:02	22:04	22:05	22:07	22:09	22:11	22:13	22:15	22:19	22:20	22:22	22:25	22:27	22:29	22:31	22:35	22:37	22:40
117027289	C	N	MTWRFSU	21:47	21:50	21:53	21:56	21:58	22:01	22:04	22:07	22:10	22:12	22:14	22:17	22:19	22:20	22:22	22:24	22:25	22:27	22:29	22:31	22:33	22:35	22:39	22:40	22:42	22:45	22:47	22:49	22:51	22:55	22:57	23:00
117027288	C	N	MTWRFSU	22:07	22:10	22:13	22:16	22:18	22:21	22:24	22:27	22:30	22:32	22:34	22:37	22:39	22:40	22:42	22:44	22:45	22:47	22:49	22:51	22:53	22:55	22:59	23:00	23:02	23:05	23:07	23:09	23:11	23:15	23:17	23:20
117027287	C	N	MTWRFSU	22:27	22:30	22:33	22:36	22:38	22:41	22:44	22:47	22:50	22:52	22:54	22:57	22:59	23:00	23:02	23:04	23:05	23:07	23:09	23:11	23:13	23:15	23:19	23:20	23:22	23:25	23:27	23:29	23:31	23:35	23:37	23:40
117027286	C	N	MTWRFSU	22:47	22:50	22:53	22:56	22:58	23:01	23:04	23:07	23:10	23:12	23:14	23:17	23:19	23:20	23:22	23:24	23:25	23:27	23:29	23:31	23:33	23:35	23:39	23:40	23:42	23:45	23:47	23:49	23:51	23:55	23:57	24:00
117027285	C	N	MTWRFSU	23:07	23:10	23:13	23:16	23:18	23:21	23:24	23:27	23:30	23:32	23:34	23:37	23:39	23:40	23:42	23:44	23:45	23:47	23:49	23:51	23:53	23:55	23:59	24:00	24:02	24:05	24:07	24:09	24:11	24:15	24:17	24:20
117027246	C	N	MTWRU	23:47	23:50	23:53	23:56	23:58	24:01	24:04	24:07	24:10	24:12	24:14	24:17	24:19	24:20	24:22	24:24	24:25	24:27	24:29	24:31	24:33	24:35	24:39	-	-	-	-	-	-	-	-	-
117027245	C	N	MTWRU	24:07	24:10	24:13	24:16	24:18	24:21	24:24	24:27	24:30	24:32	24:34	24:37	24:39	24:40	24:42	24:44	24:45	24:47	24:49	24:51	24:53	24:55	24:59	-	-	-	-	-	-	-	-	-
117027221	C	N	SU	-	-	-	-	-	-	-	-	-	-	-	-	-	-	-	-	-	-	-	-	-	-	09:29	09:30	09:32	09:35	09:37	09:39	09:41	09:45	09:47	09:50
117027220	C	N	SU	-	-	-	-	-	-	-	-	-	-	-	-	-	-	-	-	-	-	-	-	-	-	09:49	09:50	09:52	09:55	09:57	09:59	10:01	10:05	10:07	10:10
117027219	C	N	SU	-	-	-	-	-	-	-	-	-	-	-	-	-	-	-	-	-	-	-	-	-	-	10:09	10:10	10:12	10:15	10:17	10:19	10:21	10:25	10:27	10:30
117027284	C	N	SU	09:37	09:40	09:43	09:46	09:48	09:51	09:54	09:57	10:00	10:02	10:04	10:07	10:09	10:10	10:12	10:14	10:15	10:17	10:19	10:21	10:23	10:25	10:29	10:30	10:32	10:35	10:37	10:39	10:41	10:45	10:47	10:50
117027283	C	N	SU	09:57	10:00	10:03	10:06	10:08	10:11	10:14	10:17	10:20	10:22	10:24	10:27	10:29	10:30	10:32	10:34	10:35	10:37	10:39	10:41	10:43	10:45	10:49	10:50	10:52	10:55	10:57	10:59	11:01	11:05	11:07	11:10
117027282	C	N	SU	10:17	10:20	10:23	10:26	10:28	10:31	10:34	10:37	10:40	10:42	10:44	10:47	10:49	10:50	10:52	10:54	10:55	10:57	10:59	11:01	11:03	11:05	11:09	11:10	11:12	11:15	11:17	11:19	11:21	11:25	11:27	11:30
117027281	C	N	SU	10:37	10:40	10:43	10:46	10:48	10:51	10:54	10:57	11:00	11:02	11:04	11:07	11:09	11:10	11:12	11:14	11:15	11:17	11:19	11:21	11:23	11:25	11:29	11:30	11:32	11:35	11:37	11:39	11:41	11:45	11:47	11:50
117027280	C	N	SU	10:57	11:00	11:03	11:06	11:08	11:11	11:14	11:17	11:20	11:22	11:24	11:27	11:29	11:30	11:32	11:34	11:35	11:37	11:39	11:41	11:43	11:45	11:49	11:50	11:52	11:55	11:57	11:59	12:01	12:05	12:07	12:10
117027279	C	N	SU	11:17	11:20	11:23	11:26	11:28	11:31	11:34	11:37	11:40	11:42	11:44	11:47	11:49	11:50	11:52	11:54	11:55	11:57	11:59	12:01	12:03	12:05	12:09	12:10	12:12	12:15	12:17	12:19	12:21	12:25	12:27	12:30
117027278	C	N	SU	11:37	11:40	11:43	11:46	11:48	11:51	11:54	11:57	12:00	12:02	12:04	12:07	12:09	12:10	12:12	12:14	12:15	12:17	12:19	12:21	12:23	12:25	12:29	12:30	12:32	12:35	12:37	12:39	12:41	12:45	12:47	12:50
117027277	C	N	SU	11:57	12:00	12:03	12:06	12:08	12:11	12:14	12:17	12:20	12:22	12:24	12:27	12:29	12:30	12:32	12:34	12:35	12:37	12:39	12:41	12:43	12:45	12:49	12:50	12:52	12:55	12:57	12:59	13:01	13:05	13:07	13:10
117027276	C	N	SU	12:17	12:20	12:23	12:26	12:28	12:31	12:34	12:37	12:40	12:42	12:44	12:47	12:49	12:50	12:52	12:54	12:55	12:57	12:59	13:01	13:03	13:05	13:09	13:10	13:12	13:15	13:17	13:19	13:21	13:25	13:27	13:30
117027275	C	N	SU	12:37	12:40	12:43	12:46	12:48	12:51	12:54	12:57	13:00	13:02	13:04	13:07	13:09	13:10	13:12	13:14	13:15	13:17	13:19	13:21	13:23	13:25	13:29	13:30	13:32	13:35	13:37	13:39	13:41	13:45	13:47	13:50
117027274	C	N	SU	12:57	13:00	13:03	13:06	13:08	13:11	13:14	13:17	13:20	13:22	13:24	13:27	13:29	13:30	13:32	13:34	13:35	13:37	13:39	13:41	13:43	13:45	13:49	13:50	13:52	13:55	13:57	13:59	14:01	14:05	14:07	14:10
117027273	C	N	SU	13:17	13:20	13:23	13:26	13:28	13:31	13:34	13:37	13:40	13:42	13:44	13:47	13:49	13:50	13:52	13:54	13:55	13:57	13:59	14:01	14:03	14:05	14:09	14:10	14:12	14:15	14:17	14:19	14:21	14:25	14:27	14:30
117027272	C	N	SU	13:37	13:40	13:43	13:46	13:48	13:51	13:54	13:57	14:00	14:02	14:04	14:07	14:09	14:10	14:12	14:14	14:15	14:17	14:19	14:21	14:23	14:25	14:29	14:30	14:32	14:35	14:37	14:39	14:41	14:45	14:47	14:50
117027271	C	N	SU	13:57	14:00	14:03	14:06	14:08	14:11	14:14	14:17	14:20	14:22	14:24	14:27	14:29	14:30	14:32	14:34	14:35	14:37	14:39	14:41	14:43	14:45	14:49	14:50	14:52	14:55	14:57	14:59	15:01	15:05	15:07	15:10
117027270	C	N	SU	14:17	14:20	14:23	14:26	14:28	14:31	14:34	14:37	14:40	14:42	14:44	14:47	14:49	14:50	14:52	14:54	14:55	14:57	14:59	15:01	15:03	15:05	15:09	15:10	15:12	15:15	15:17	15:19	15:21	15:25	15:27	15:30
117027269	C	N	SU	14:37	14:40	14:43	14:46	14:48	14:51	14:54	14:57	15:00	15:02	15:04	15:07	15:09	15:10	15:12	15:14	15:15	15:17	15:19	15:21	15:23	15:25	15:29	15:30	15:32	15:35	15:37	15:39	15:41	15:45	15:47	15:50
117027268	C	N	SU	14:57	15:00	15:03	15:06	15:08	15:11	15:14	15:17	15:20	15:22	15:24	15:27	15:29	15:30	15:32	15:34	15:35	15:37	15:39	15:41	15:43	15:45	15:49	15:50	15:52	15:55	15:57	15:59	16:01	16:05	16:07	16:10
117027267	C	N	SU	15:17	15:20	15:23	15:26	15:28	15:31	15:34	15:37	15:40	15:42	15:44	15:47	15:49	15:50	15:52	15:54	15:55	15:57	15:59	16:01	16:03	16:05	16:09	16:10	16:12	16:15	16:17	16:19	16:21	16:25	16:27	16:30
117027266	C	N	SU	15:37	15:40	15:43	15:46	15:48	15:51	15:54	15:57	16:00	16:02	16:04	16:07	16:09	16:10	16:12	16:14	16:15	16:17	16:19	16:21	16:23	16:25	16:29	16:30	16:32	16:35	16:37	16:39	16:41	16:45	16:47	16:50
117027265	C	N	SU	15:57	16:00	16:03	16:06	16:08	16:11	16:14	16:17	16:20	16:22	16:24	16:27	16:29	16:30	16:32	16:34	16:35	16:37	16:39	16:41	16:43	16:45	16:49	16:50	16:52	16:55	16:57	16:59	17:01	17:05	17:07	17:10
117027264	C	N	SU	16:17	16:20	16:23	16:26	16:28	16:31	16:34	16:37	16:40	16:42	16:44	16:47	16:49	16:50	16:52	16:54	16:55	16:57	16:59	17:01	17:03	17:05	17:09	17:10	17:12	17:15	17:17	17:19	17:21	17:25	17:27	17:30
117027263	C	N	SU	16:37	16:40	16:43	16:46	16:48	16:51	16:54	16:57	17:00	17:02	17:04	17:07	17:09	17:10	17:12	17:14	17:15	17:17	17:19	17:21	17:23	17:25	17:29	17:30	17:32	17:35	17:37	17:39	17:41	17:45	17:47	17:50
117027262	C	N	SU	16:57	17:00	17:03	17:06	17:08	17:11	17:14	17:17	17:20	17:22	17:24	17:27	17:29	17:30	17:32	17:34	17:35	17:37	17:39	17:41	17:43	17:45	17:49	17:50	17:52	17:55	17:57	17:59	18:01	18:05	18:07	18:10
117027261	C	N	SU	17:17	17:20	17:23	17:26	17:28	17:31	17:34	17:37	17:40	17:42	17:44	17:47	17:49	17:50	17:52	17:54	17:55	17:57	17:59	18:01	18:03	18:05	18:09	18:10	18:12	18:15	18:17	18:19	18:21	18:25	18:27	18:30
117027260	C	N	SU	17:37	17:40	17:43	17:46	17:48	17:51	17:54	17:57	18:00	18:02	18:04	18:07	18:09	18:10	18:12	18:14	18:15	18:17	18:19	18:21	18:23	18:25	18:29	18:30	18:32	18:35	18:37	18:39	18:41	18:45	18:47	18:50
117027259	C	N	S	17:57	18:00	18:03	18:06	18:08	18:11	18:14	18:17	18:20	18:22	18:24	18:27	18:29	18:30	18:32	18:34	18:35	18:37	18:39	18:41	18:43	18:45	18:49	18:50	18:52	18:55	18:57	18:59	19:01	19:05	19:07	19:10
117027258	C	N	S	18:17	18:20	18:23	18:26	18:28	18:31	18:34	18:37	18:40	18:42	18:44	18:47	18:49	18:50	18:52	18:54	18:55	18:57	18:59	19:01	19:03	19:05	19:09	19:10	19:12	19:15	19:17	19:19	19:21	19:25	19:27	19:30
117027242	C	N	U	17:57	18:00	18:03	18:06	18:08	18:11	18:14	18:17	18:20	18:22	18:24	18:27	18:29	18:30	18:32	18:34	18:35	18:37	18:39	18:41	18:43	18:45	18:49	-	-	-	-	-	-	-	-	-
117027241	C	N	U	18:17	18:20	18:23	18:26	18:28	18:31	18:34	18:37	18:40	18:42	18:44	18:47	18:49	18:50	18:52	18:54	18:55	18:57	18:59	19:01	19:03	19:05	19:09	-	-	-	-	-	-	-	-	-
117027240	C	N	S	18:37	18:40	18:43	18:46	18:48	18:51	18:54	18:57	19:00	19:02	19:04	19:07	19:09	19:10	19:12	19:14	19:15	19:17	19:19	19:21	19:23	19:25	19:29	-	-	-	-	-	-	-	-	-
117027239	C	N	S	18:57	19:00	19:03	19:06	19:08	19:11	19:14	19:17	19:20	19:22	19:24	19:27	19:29	19:30	19:32	19:34	19:35	19:37	19:39	19:41	19:43	19:45	19:49	-	-	-	-	-	-	-	-	-
117027218	C	N	FS	25:32	-	25:37	25:39	25:41	25:44	-	25:48	25:51	25:53	25:55	25:57	25:59	26:01	26:03	26:04	26:06	26:07	26:09	26:11	26:13	26:15	26:19	26:20	26:22	26:25	26:27	26:29	26:31	26:35	26:37	26:40
117027217	C	N	SU	02:32	-	02:37	02:39	02:41	02:44	-	02:48	02:51	02:53	02:55	02:57	02:59	03:01	03:03	03:04	03:06	03:07	03:09	03:11	03:13	03:15	03:19	03:20	03:22	03:25	03:27	03:29	03:31	03:35	03:37	03:40
117027216	C	N	SU	03:32	-	03:37	03:39	03:41	03:44	-	03:48	03:51	03:53	03:55	03:57	03:59	04:01	04:03	04:04	04:06	04:07	04:09	04:11	04:13	04:15	04:19	04:20	04:22	04:25	04:27	04:29	04:31	04:35	04:37	04:40
117027215	C	N	SU	04:32	-	04:37	04:39	04:41	04:44	-	04:48	04:51	04:53	04:55	04:57	04:59	05:01	05:03	05:04	05:06	05:07	05:09	05:11	05:13	05:15	05:19	05:20	05:22	05:25	05:27	05:29	05:31	05:35	05:37	05:40
117027214	C	N	SU	05:32	-	05:37	05:39	05:41	05:44	-	05:48	05:51	05:53	05:55	05:57	05:59	06:01	06:03	06:04	06:06	06:07	06:09	06:11	06:13	06:15	06:19	06:20	06:22	06:25	06:27	06:29	06:31	06:35	06:37	06:40
117027213	C	N	SU	06:32	-	06:37	06:39	06:41	06:44	-	06:48	06:51	06:53	06:55	06:57	06:59	07:01	07:03	07:04	07:06	07:07	07:09	07:11	07:13	07:15	07:19	07:20	07:22	07:25	07:27	07:29	07:31	07:35	07:37	07:40
117027212	C	N	FS	25:02	-	25:07	25:09	25:11	25:14	-	25:18	25:21	25:23	25:25	25:27	25:29	25:31	25:33	25:34	25:36	25:37	25:39	25:41	25:43	25:45	25:49	25:50	25:52	25:55	25:57	25:59	26:01	26:05	26:07	26:10
117027211	C	N	SU	02:02	-	02:07	02:09	02:11	02:14	-	02:18	02:21	02:23	02:25	02:27	02:29	02:31	02:33	02:34	02:36	02:37	02:39	02:41	02:43	02:45	02:49	02:50	02:52	02:55	02:57	02:59	03:01	03:05	03:07	03:10
117027210	C	N	SU	03:02	-	03:07	03:09	03:11	03:14	-	03:18	03:21	03:23	03:25	03:27	03:29	03:31	03:33	03:34	03:36	03:37	03:39	03:41	03:43	03:45	03:49	03:50	03:52	03:55	03:57	03:59	04:01	04:05	04:07	04:10
117027209	C	N	SU	04:02	-	04:07	04:09	04:11	04:14	-	04:18	04:21	04:23	04:25	04:27	04:29	04:31	04:33	04:34	04:36	04:37	04:39	04:41	04:43	04:45	04:49	04:50	04:52	04:55	04:57	04:59	05:01	05:05	05:07	05:10
117027208	C	N	SU	05:02	-	05:07	05:09	05:11	05:14	-	05:18	05:21	05:23	05:25	05:27	05:29	05:31	05:33	05:34	05:36	05:37	05:39	05:41	05:43	05:45	05:49	05:50	05:52	05:55	05:57	05:59	06:01	06:05	06:07	06:10
117027207	C	N	SU	06:02	-	06:07	06:09	06:11	06:14	-	06:18	06:21	06:23	06:25	06:27	06:29	06:31	06:33	06:34	06:36	06:37	06:39	06:41	06:43	06:45	06:49	06:50	06:52	06:55	06:57	06:59	07:01	07:05	07:07	07:10
117028644	H	S	MTWRF	-	-	-	-	-	-	-	-	05:47	05:44	05:42	05:40	05:37	05:35	05:34	05:32	05:31	05:29	05:27	05:26	05:23	05:21	05:19	-	-	-	-	-	-	-	-	-
117028643	H	S	MTWRF	-	-	-	-	-	-	-	-	06:07	06:04	06:02	06:00	05:57	05:55	05:54	05:52	05:51	05:49	05:47	05:46	05:43	05:41	05:39	-	-	-	-	-	-	-	-	-
117028642	H	S	MTWRF	-	-	-	-	-	-	-	-	06:27	06:24	06:22	06:20	06:17	06:15	06:14	06:12	06:11	06:09	06:07	06:06	06:03	06:01	05:59	05:56	05:54	05:52	-	-	-	-	-	-
117028641	H	S	MTWRF	-	-	-	-	-	-	-	-	06:47	06:44	06:42	06:40	06:37	06:35	06:34	06:32	06:31	06:29	06:27	06:26	06:23	06:21	06:19	06:16	06:14	06:12	-	-	-	-	-	-
117028640	H	S	MTWRF	-	-	-	-	-	-	-	-	07:07	07:04	07:02	07:00	06:57	06:55	06:54	06:52	06:51	06:49	06:47	06:46	06:43	06:41	06:39	06:36	06:34	06:32	-	-	-	-	-	-
117028639	H	S	MTWRF	-	-	-	-	-	-	-	-	07:27	07:24	07:22	07:20	07:17	07:15	07:14	07:12	07:11	07:09	07:07	07:06	07:03	07:01	06:59	06:56	06:54	06:52	-	-	-	-	-	-
117028638	H	S	MTWRF	-	-	-	-	-	-	-	-	07:47	07:44	07:42	07:40	07:37	07:35	07:34	07:32	07:31	07:29	07:27	07:26	07:23	07:21	07:19	07:16	07:14	07:12	-	-	-	-	-	-
117028637	H	S	MTWRF	-	-	-	-	-	-	-	-	08:07	08:04	08:02	08:00	07:57	07:55	07:54	07:52	07:51	07:49	07:47	07:46	07:43	07:41	07:39	07:36	07:34	07:32	-	-	-	-	-	-
117028636	H	S	MTWRF	-	-	-	-	-	-	-	-	08:27	08:24	08:22	08:20	08:17	08:15	08:14	08:12	08:11	08:09	08:07	08:06	08:03	08:01	07:59	07:56	07:54	07:52	-	-	-	-	-	-
117028635	H	S	MTWRF	-	-	-	-	-	-	-	-	08:47	08:44	08:42	08:40	08:37	08:35	08:34	08:32	08:31	08:29	08:27	08:26	08:23	08:21	08:19	08:16	08:14	08:12	-	-	-	-	-	-
117028634	H	S	MTWRF	-	-	-	-	-	-	-	-	09:07	09:04	09:02	09:00	08:57	08:55	08:54	08:52	08:51	08:49	08:47	08:46	08:43	08:41	08:39	08:36	08:34	08:32	-	-	-	-	-	-
117028633	H	S	MTWRF	-	-	-	-	-	-	-	-	09:27	09:24	09:22	09:20	09:17	09:15	09:14	09:12	09:11	09:09	09:07	09:06	09:03	09:01	08:59	08:56	08:54	08:52	-	-	-	-	-	-
117028632	H	S	MTWRF	-	-	-	-	-	-	-	-	09:47	09:44	09:42	09:40	09:37	09:35	09:34	09:32	09:31	09:29	09:27	09:26	09:23	09:21	09:19	09:16	09:14	09:12	-	-	-	-	-	-
117028631	H	S	MTWRF	-	-	-	-	-	-	-	-	10:07	10:04	10:02	10:00	09:57	09:55	09:54	09:52	09:51	09:49	09:47	09:46	09:43	09:41	09:39	09:36	09:34	09:32	-	-	-	-	-	-
117028630	H	S	MTWRF	-	-	-	-	-	-	-	-	10:27	10:24	10:22	10:20	10:17	10:15	10:14	10:12	10:11	10:09	10:07	10:06	10:03	10:01	09:59	09:56	09:54	09:52	-	-	-	-	-	-
117028629	H	S	MTWRF	-	-	-	-	-	-	-	-	10:47	10:44	10:42	10:40	10:37	10:35	10:34	10:32	10:31	10:29	10:27	10:26	10:23	10:21	10:19	10:16	10:14	10:12	-	-	-	-	-	-
117028628	H	S	MTWRF	-	-	-	-	-	-	-	-	11:07	11:04	11:02	11:00	10:57	10:55	10:54	10:52	10:51	10:49	10:47	10:46	10:43	10:41	10:39	10:36	10:34	10:32	-	-	-	-	-	-
117028627	H	S	MTWRF	-	-	-	-	-	-	-	-	11:27	11:24	11:22	11:20	11:17	11:15	11:14	11:12	11:11	11:09	11:07	11:06	11:03	11:01	10:59	10:56	10:54	10:52	-	-	-	-	-	-
117028626	H	S	MTWRF	-	-	-	-	-	-	-	-	11:47	11:44	11:42	11:40	11:37	11:35	11:34	11:32	11:31	11:29	11:27	11:26	11:23	11:21	11:19	11:16	11:14	11:12	-	-	-	-	-	-
117028625	H	S	MTWRF	-	-	-	-	-	-	-	-	12:07	12:04	12:02	12:00	11:57	11:55	11:54	11:52	11:51	11:49	11:47	11:46	11:43	11:41	11:39	11:36	11:34	11:32	-	-	-	-	-	-
117028624	H	S	MTWRF	-	-	-	-	-	-	-	-	12:27	12:24	12:22	12:20	12:17	12:15	12:14	12:12	12:11	12:09	12:07	12:06	12:03	12:01	11:59	11:56	11:54	11:52	-	-	-	-	-	-
117028623	H	S	MTWRF	-	-	-	-	-	-	-	-	12:47	12:44	12:42	12:40	12:37	12:35	12:34	12:32	12:31	12:29	12:27	12:26	12:23	12:21	12:19	12:16	12:14	12:12	-	-	-	-	-	-
117028622	H	S	MTWRF	-	-	-	-	-	-	-	-	13:07	13:04	13:02	13:00	12:57	12:55	12:54	12:52	12:51	12:49	12:47	12:46	12:43	12:41	12:39	12:36	12:34	12:32	-	-	-	-	-	-
117028621	H	S	MTWRF	-	-	-	-	-	-	-	-	13:27	13:24	13:22	13:20	13:17	13:15	13:14	13:12	13:11	13:09	13:07	13:06	13:03	13:01	12:59	12:56	12:54	12:52	-	-	-	-	-	-
117028620	H	S	MTWRF	-	-	-	-	-	-	-	-	13:47	13:44	13:42	13:40	13:37	13:35	13:34	13:32	13:31	13:29	13:27	13:26	13:23	13:21	13:19	13:16	13:14	13:12	-	-	-	-	-	-
117028619	H	S	MTWRF	-	-	-	-	-	-	-	-	14:07	14:04	14:02	14:00	13:57	13:55	13:54	13:52	13:51	13:49	13:47	13:46	13:43	13:41	13:39	13:36	13:34	13:32	-	-	-	-	-	-
117028618	H	S	MTWRF	-	-	-	-	-	-	-	-	14:27	14:24	14:22	14:20	14:17	14:15	14:14	14:12	14:11	14:09	14:07	14:06	14:03	14:01	13:59	13:56	13:54	13:52	-	-	-	-	-	-
117028617	H	S	MTWRF	-	-	-	-	-	-	-	-	14:47	14:44	14:42	14:40	14:37	14:35	14:34	14:32	14:31	14:29	14:27	14:26	14:23	14:21	14:19	14:16	14:14	14:12	-	-	-	-	-	-
117028616	H	S	MTWRF	-	-	-	-	-	-	-	-	15:07	15:04	15:02	15:00	14:57	14:55	14:54	14:52	14:51	14:49	14:47	14:46	14:43	14:41	14:39	14:36	14:34	14:32	-	-	-	-	-	-
117028615	H	S	MTWRF	-	-	-	-	-	-	-	-	15:27	15:24	15:22	15:20	15:17	15:15	15:14	15:12	15:11	15:09	15:07	15:06	15:03	15:01	14:59	14:56	14:54	14:52	-	-	-	-	-	-
117028614	H	S	MTWRF	-	-	-	-	-	-	-	-	15:47	15:44	15:42	15:40	15:37	15:35	15:34	15:32	15:31	15:29	15:27	15:26	15:23	15:21	15:19	15:16	15:14	15:12	-	-	-	-	-	-
117028613	H	S	MTWRF	-	-	-	-	-	-	-	-	16:07	16:04	16:02	16:00	15:57	15:55	15:54	15:52	15:51	15:49	15:47	15:46	15:43	15:41	15:39	15:36	15:34	15:32	-	-	-	-	-	-
117028612	H	S	MTWRF	-	-	-	-	-	-	-	-	16:27	16:24	16:22	16:20	16:17	16:15	16:14	16:12	16:11	16:09	16:07	16:06	16:03	16:01	15:59	15:56	15:54	15:52	-	-	-	-	-	-
117028611	H	S	MTWRF	-	-	-	-	-	-	-	-	16:47	16:44	16:42	16:40	16:37	16:35	16:34	16:32	16:31	16:29	16:27	16:26	16:23	16:21	16:19	16:16	16:14	16:12	-	-	-	-	-	-
117028610	H	S	MTWRF	-	-	-	-	-	-	-	-	17:07	17:04	17:02	17:00	16:57	16:55	16:54	16:52	16:51	16:49	16:47	16:46	16:43	16:41	16:39	16:36	16:34	16:32	-	-	-	-	-	-
117028609	H	S	MTWRF	-	-	-	-	-	-	-	-	17:27	17:24	17:22	17:20	17:17	17:15	17:14	17:12	17:11	17:09	17:07	17:06	17:03	17:01	16:59	16:56	16:54	16:52	-	-	-	-	-	-
117028608	H	S	MTWRF	-	-	-	-	-	-	-	-	17:47	17:44	17:42	17:40	17:37	17:35	17:34	17:32	17:31	17:29	17:27	17:26	17:23	17:21	17:19	17:16	17:14	17:12	-	-	-	-	-	-
117028607	H	S	MTWRF	-	-	-	-	-	-	-	-	18:07	18:04	18:02	18:00	17:57	17:55	17:54	17:52	17:51	17:49	17:47	17:46	17:43	17:41	17:39	17:36	17:34	17:32	-	-	-	-	-	-
117028606	H	S	MTWRF	-	-	-	-	-	-	-	-	18:27	18:24	18:22	18:20	18:17	18:15	18:14	18:12	18:11	18:09	18:07	18:06	18:03	18:01	17:59	17:56	17:54	17:52	-	-	-	-	-	-
117028605	H	S	MTWRF	-	-	-	-	-	-	-	-	18:47	18:44	18:42	18:40	18:37	18:35	18:34	18:32	18:31	18:29	18:27	18:26	18:23	18:21	18:19	18:16	18:14	18:12	-	-	-	-	-	-
117028604	H	N	MTWRF	-	-	-	-	-	-	-	-	06:10	06:12	06:14	06:17	06:19	06:20	06:22	06:24	06:25	06:27	06:29	06:31	06:33	06:35	06:39	06:40	06:42	06:46	-	-	-	-	-	-
117028603	H	N	MTWRF	-	-	-	-	-	-	-	-	06:30	06:32	06:34	06:37	06:39	06:40	06:42	06:44	06:45	06:47	06:49	06:51	06:53	06:55	06:59	07:00	07:02	07:06	-	-	-	-	-	-
117028602	H	N	MTWRF	-	-	-	-	-	-	-	-	06:50	06:52	06:54	06:57	06:59	07:00	07:02	07:04	07:05	07:07	07:09	07:11	07:13	07:15	07:19	07:20	07:22	07:26	-	-	-	-	-	-
117028601	H	N	MTWRF	-	-	-	-	-	-	-	-	07:10	07:12	07:14	07:17	07:19	07:20	07:22	07:24	07:25	07:27	07:29	07:31	07:33	07:35	07:39	07:40	07:42	07:46	-	-	-	-	-	-
117028600	H	N	MTWRF	-	-	-	-	-	-	-	-	07:30	07:32	07:34	07:37	07:39	07:40	07:42	07:44	07:45	07:47	07:49	07:51	07:53	07:55	07:59	08:00	08:02	08:06	-	-	-	-	-	-
117028599	H	N	MTWRF	-	-	-	-	-	-	-	-	07:50	07:52	07:54	07:57	07:59	08:00	08:02	08:04	08:05	08:07	08:09	08:11	08:13	08:15	08:19	08:20	08:22	08:26	-	-	-	-	-	-
117028598	H	N	MTWRF	-	-	-	-	-	-	-	-	08:10	08:12	08:14	08:17	08:19	08:20	08:22	08:24	08:25	08:27	08:29	08:31	08:33	08:35	08:39	08:40	08:42	08:46	-	-	-	-	-	-
117028597	H	N	MTWRF	-	-	-	-	-	-	-	-	08:30	08:32	08:34	08:37	08:39	08:40	08:42	08:44	08:45	08:47	08:49	08:51	08:53	08:55	08:59	09:00	09:02	09:06	-	-	-	-	-	-
117028596	H	N	MTWRF	-	-	-	-	-	-	-	-	08:50	08:52	08:54	08:57	08:59	09:00	09:02	09:04	09:05	09:07	09:09	09:11	09:13	09:15	09:19	09:20	09:22	09:26	-	-	-	-	-	-
117028595	H	N	MTWRF	-	-	-	-	-	-	-	-	09:10	09:12	09:14	09:17	09:19	09:20	09:22	09:24	09:25	09:27	09:29	09:31	09:33	09:35	09:39	09:40	09:42	09:46	-	-	-	-	-	-
117028594	H	N	MTWRF	-	-	-	-	-	-	-	-	09:30	09:32	09:34	09:37	09:39	09:40	09:42	09:44	09:45	09:47	09:49	09:51	09:53	09:55	09:59	10:00	10:02	10:06	-	-	-	-	-	-
117028593	H	N	MTWRF	-	-	-	-	-	-	-	-	09:50	09:52	09:54	09:57	09:59	10:00	10:02	10:04	10:05	10:07	10:09	10:11	10:13	10:15	10:19	10:20	10:22	10:26	-	-	-	-	-	-
117028592	H	N	MTWRF	-	-	-	-	-	-	-	-	10:10	10:12	10:14	10:17	10:19	10:20	10:22	10:24	10:25	10:27	10:29	10:31	10:33	10:35	10:39	10:40	10:42	10:46	-	-	-	-	-	-
117028591	H	N	MTWRF	-	-	-	-	-	-	-	-	10:30	10:32	10:34	10:37	10:39	10:40	10:42	10:44	10:45	10:47	10:49	10:51	10:53	10:55	10:59	11:00	11:02	11:06	-	-	-	-	-	-
117028590	H	N	MTWRF	-	-	-	-	-	-	-	-	10:50	10:52	10:54	10:57	10:59	11:00	11:02	11:04	11:05	11:07	11:09	11:11	11:13	11:15	11:19	11:20	11:22	11:26	-	-	-	-	-	-
117028589	H	N	MTWRF	-	-	-	-	-	-	-	-	11:10	11:12	11:14	11:17	11:19	11:20	11:22	11:24	11:25	11:27	11:29	11:31	11:33	11:35	11:39	11:40	11:42	11:46	-	-	-	-	-	-
117028588	H	N	MTWRF	-	-	-	-	-	-	-	-	11:30	11:32	11:34	11:37	11:39	11:40	11:42	11:44	11:45	11:47	11:49	11:51	11:53	11:55	11:59	12:00	12:02	12:06	-	-	-	-	-	-
117028587	H	N	MTWRF	-	-	-	-	-	-	-	-	11:50	11:52	11:54	11:57	11:59	12:00	12:02	12:04	12:05	12:07	12:09	12:11	12:13	12:15	12:19	12:20	12:22	12:26	-	-	-	-	-	-
117028586	H	N	MTWRF	-	-	-	-	-	-	-	-	12:10	12:12	12:14	12:17	12:19	12:20	12:22	12:24	12:25	12:27	12:29	12:31	12:33	12:35	12:39	12:40	12:42	12:46	-	-	-	-	-	-
117028585	H	N	MTWRF	-	-	-	-	-	-	-	-	12:30	12:32	12:34	12:37	12:39	12:40	12:42	12:44	12:45	12:47	12:49	12:51	12:53	12:55	12:59	13:00	13:02	13:06	-	-	-	-	-	-
117028584	H	N	MTWRF	-	-	-	-	-	-	-	-	12:50	12:52	12:54	12:57	12:59	13:00	13:02	13:04	13:05	13:07	13:09	13:11	13:13	13:15	13:19	13:20	13:22	13:26	-	-	-	-	-	-
117028583	H	N	MTWRF	-	-	-	-	-	-	-	-	13:10	13:12	13:14	13:17	13:19	13:20	13:22	13:24	13:25	13:27	13:29	13:31	13:33	13:35	13:39	13:40	13:42	13:46	-	-	-	-	-	-
117028582	H	N	MTWRF	-	-	-	-	-	-	-	-	13:30	13:32	13:34	13:37	13:39	13:40	13:42	13:44	13:45	13:47	13:49	13:51	13:53	13:55	13:59	14:00	14:02	14:06	-	-	-	-	-	-
117028581	H	N	MTWRF	-	-	-	-	-	-	-	-	13:50	13:52	13:54	13:57	13:59	14:00	14:02	14:04	14:05	14:07	14:09	14:11	14:13	14:15	14:19	14:20	14:22	14:26	-	-	-	-	-	-
117028580	H	N	MTWRF	-	-	-	-	-	-	-	-	14:10	14:12	14:14	14:17	14:19	14:20	14:22	14:24	14:25	14:27	14:29	14:31	14:33	14:35	14:39	14:40	14:42	14:46	-	-	-	-	-	-
117028579	H	N	MTWRF	-	-	-	-	-	-	-	-	14:30	14:32	14:34	14:37	14:39	14:40	14:42	14:44	14:45	14:47	14:49	14:51	14:53	14:55	14:59	15:00	15:02	15:06	-	-	-	-	-	-
117028578	H	N	MTWRF	-	-	-	-	-	-	-	-	14:50	14:52	14:54	14:57	14:59	15:00	15:02	15:04	15:05	15:07	15:09	15:11	15:13	15:15	15:19	15:20	15:22	15:26	-	-	-	-	-	-
117028577	H	N	MTWRF	-	-	-	-	-	-	-	-	15:10	15:12	15:14	15:17	15:19	15:20	15:22	15:24	15:25	15:27	15:29	15:31	15:33	15:35	15:39	15:40	15:42	15:46	-	-	-	-	-	-
117028576	H	N	MTWRF	-	-	-	-	-	-	-	-	15:30	15:32	15:34	15:37	15:39	15:40	15:42	15:44	15:45	15:47	15:49	15:51	15:53	15:55	15:59	16:00	16:02	16:06	-	-	-	-	-	-
117028575	H	N	MTWRF	-	-	-	-	-	-	-	-	15:50	15:52	15:54	15:57	15:59	16:00	16:02	16:04	16:05	16:07	16:09	16:11	16:13	16:15	16:19	16:20	16:22	16:26	-	-	-	-	-	-
117028574	H	N	MTWRF	-	-	-	-	-	-	-	-	16:10	16:12	16:14	16:17	16:19	16:20	16:22	16:24	16:25	16:27	16:29	16:31	16:33	16:35	16:39	16:40	16:42	16:46	-	-	-	-	-	-
117028573	H	N	MTWRF	-	-	-	-	-	-	-	-	16:30	16:32	16:34	16:37	16:39	16:40	16:42	16:44	16:45	16:47	16:49	16:51	16:53	16:55	16:59	17:00	17:02	17:06	-	-	-	-	-	-
117028572	H	N	MTWRF	-	-	-	-	-	-	-	-	16:50	16:52	16:54	16:57	16:59	17:00	17:02	17:04	17:05	17:07	17:09	17:11	17:13	17:15	17:19	17:20	17:22	17:26	-	-	-	-	-	-
117028571	H	N	MTWRF	-	-	-	-	-	-	-	-	17:10	17:12	17:14	17:17	17:19	17:20	17:22	17:24	17:25	17:27	17:29	17:31	17:33	17:35	17:39	17:40	17:42	17:46	-	-	-	-	-	-
117028570	H	N	MTWRF	-	-	-	-	-	-	-	-	17:30	17:32	17:34	17:37	17:39	17:40	17:42	17:44	17:45	17:47	17:49	17:51	17:53	17:55	17:59	18:00	18:02	18:06	-	-	-	-	-	-
117028569	H	N	MTWRF	-	-	-	-	-	-	-	-	17:50	17:52	17:54	17:57	17:59	18:00	18:02	18:04	18:05	18:07	18:09	18:11	18:13	18:15	18:19	-	-	-	-	-	-	-	-	-
117028568	H	N	MTWRF	-	-	-	-	-	-	-	-	18:10	18:12	18:14	18:17	18:19	18:20	18:22	18:24	18:25	18:27	18:29	18:31	18:33	18:35	18:39	-	-	-	-	-	-	-	-	-
117028567	H	N	MTWRF	-	-	-	-	-	-	-	-	18:30	18:32	18:34	18:37	18:39	18:40	18:42	18:44	18:45	18:47	18:49	18:51	18:53	18:55	18:59	-	-	-	-	-	-	-	-	-
117028566	H	N	MTWRF	-	-	-	-	-	-	-	-	18:50	18:52	18:54	18:57	18:59	19:00	19:02	19:04	19:05	19:07	19:09	19:11	19:13	19:15	19:19	-	-	-	-	-	-	-	-	-
117028565	H	N	MTWRF	-	-	-	-	-	-	-	-	19:10	19:12	19:14	19:17	19:19	19:20	19:22	19:24	19:25	19:27	19:29	19:31	19:33	19:35	19:39	-	-	-	-	-	-	-	-	-
117028564	H	N	MTWRF	04:47	04:50	04:54	04:56	04:58	05:01	05:04	05:07	05:10	05:12	05:14	05:17	05:19	05:20	05:22	05:24	05:25	05:27	05:29	05:31	05:33	05:35	05:39	05:40	05:42	05:46	-	-	-	-	-	-
117028563	H	N	MTWRF	05:07	05:10	05:14	05:16	05:18	05:21	05:24	05:27	05:30	05:32	05:34	05:37	05:39	05:40	05:42	05:44	05:45	05:47	05:49	05:51	05:53	05:55	05:59	06:00	06:02	06:06	-	-	-	-	-	-
117028562	H	N	MTWRF	05:27	05:30	05:34	05:36	05:38	05:41	05:44	05:47	05:50	05:52	05:54	05:57	05:59	06:00	06:02	06:04	06:05	06:07	06:09	06:11	06:13	06:15	06:19	06:20	06:22	06:26	-	-	-	-	-	-
